admera_id,barcode_label_ID,library_id,sample_name,sra_accession,presumed_species,country,locale,host,phenotype,project,data_type,lat,lon
19047FL-14-02-03,MCF03050E0612,na,sha_angola_cota_57,SRR11907442,s_sp,angola,na,snail,unk,scan_africa,genome,-9.26186,16.13693
19047FL-14-02-04,MCF03050E0613,na,sha_angola_cota_58,SRR11907441,s_sp,angola,na,snail,unk,scan_africa,genome,-9.26186,16.13693
19047FL-14-02-05,MCF03050E0614,na,sha_angola_cota_59,SRR11907440,s_sp,angola,na,snail,unk,scan_africa,genome,-9.26186,16.13693
19047FL-14-02-06,MCF03050E0615,na,sha_angola_icau_60,SRR11907439,s_haematobium,angola,na,human,haematobium,scan_africa,genome,-8.6451,13.79642
19047FL-14-02-07,MCF03050E0615,na,sha_angola_icau_61,SRR11907438,s_haematobium,angola,na,human,haematobium,scan_africa,genome,-8.6451,13.79642
19047FL-14-02-08,MCF03050E0615,na,sha_angola_icau_62,SRR11907437,s_haematobium,angola,na,human,haematobium,scan_africa,genome,-8.6451,13.79642
19047FL-14-02-09,MCF03050E0617,na,sha_angola_icau_63,SRR11907436,s_haematobium,angola,na,human,haematobium,scan_africa,genome,-8.6451,13.79642
19047FL-14-02-10,MCF03050E0617,na,sha_angola_icau_64,SRR11907435,s_haematobium,angola,na,human,haematobium,scan_africa,genome,-8.6451,13.79642
19047FL-14-02-29,MCF2772E60107,na,ssp_cdivoire_raviart_89,SRR11907414,s_sp,cote_d_ivoire,na,snail,unk,scan_africa,genome,7.400372,-4.896099
19047FL-14-02-30,MCF2772E60108,na,ssp_cdivoire_raviart_90,SRR11907413,s_sp,cote_d_ivoire,na,snail,unk,scan_africa,genome,7.400372,-4.896099
19047FL-14-02-31,MCF2772E60109,na,ssp_cdivoire_raviart_91,SRR11907412,s_sp,cote_d_ivoire,na,snail,unk,scan_africa,genome,7.400372,-4.896099
19047FL-14-02-32,MCF2772E60110,na,ssp_cdivoire_raviart_92,SRR11907411,s_sp,cote_d_ivoire,na,snail,unk,scan_africa,genome,7.400372,-4.896099
19047FL-14-02-39,MCF2772E60119,na,ssp_cdivoire_raviart_99,SRR11907403,s_sp,cote_d_ivoire,na,snail,unk,scan_africa,genome,7.400372,-4.896099
19047FL-14-03-09,MCFEDA1E10294,na,sbo_cdivoire_raviart_108,SRR11907393,s_sp,cote_d_ivoire,na,snail,unk,scan_africa,genome,7.400372,-4.896099
19047FL-14-03-10,MCFEDA1E10295,na,sbo_cdivoire_raviart_109,SRR11907392,s_sp,cote_d_ivoire,na,snail,unk,scan_africa,genome,7.400372,-4.896099
19047FL-14-03-11,MCFEDA1E10296,na,ssp_cdivoire_raviart_110,SRR11907391,s_sp,cote_d_ivoire,na,snail,unk,scan_africa,genome,7.400372,-4.896099
19047FL-14-03-12,MCFEDA1E10297,na,ssp_cdivoire_raviart_111,SRR11907390,s_sp,cote_d_ivoire,na,snail,unk,scan_africa,genome,7.400372,-4.896099
19047FL-14-03-13,MCFEDA1E10298,na,sha_cdivoire_raviart_112,SRR11907389,s_sp,cote_d_ivoire,na,snail,unk,scan_africa,genome,7.400372,-4.896099
19047FL-14-03-14,MCFEDA1E10299,na,ssp_cdivoire_raviart_113,SRR11907387,s_sp,cote_d_ivoire,na,snail,unk,scan_africa,genome,7.400372,-4.896099
19047FL-14-03-15,MCFEDA1E10300,na,ssp_cdivoire_raviart_114,SRR11907386,s_sp,cote_d_ivoire,na,snail,unk,scan_africa,genome,7.400372,-4.896099
19047FL-14-02-28,MCF2772E60106,na,ssp_cdivoire_noumousso_88,SRR11907415,s_sp,cote_d_ivoire,na,snail,unk,scan_africa,genome,10.106774,-5.141781
19047FL-14-02-33,MCF2772E60111,na,ssp_cdivoire_noumousso_93,SRR11907409,s_sp,cote_d_ivoire,na,snail,unk,scan_africa,genome,10.107108,-5.142159
19047FL-14-02-34,MCF2772E60112,na,ssp_cdivoire_noumousso_94,SRR11907408,s_sp,cote_d_ivoire,na,snail,unk,scan_africa,genome,10.107108,-5.142159
19047FL-14-02-35,MCF2772E60113,na,ssp_cdivoire_kongobo_95,SRR11907407,s_sp,cote_d_ivoire,na,snail,unk,scan_africa,genome,7.763982,-5.476109
19047FL-14-02-36,MCF2772E60114,na,ssp_cdivoire_kongobo_96,SRR11907406,s_sp,cote_d_ivoire,na,snail,unk,scan_africa,genome,7.763982,-5.476109
19047FL-14-02-37,MCF2772E60115,na,ssp_cdivoire_kongobo_97,SRR11907405,s_sp,cote_d_ivoire,na,snail,unk,scan_africa,genome,7.769788,-5.476974
19047FL-14-02-38,MCF2772E60116,na,ssp_cdivoire_kongobo_98,SRR11907404,s_sp,cote_d_ivoire,na,snail,unk,scan_africa,genome,7.769788,-5.476974
19047FL-14-03-01,MCF28EEAF0337,na,ssp_cdivoire_linguebo_100,SRR11907402,s_sp,cote_d_ivoire,na,snail,unk,scan_africa,genome,7.494056,-5.659
19047FL-14-03-02,MCF28EEAF0338,na,ssp_cdivoire_foro_101,SRR11907401,s_sp,cote_d_ivoire,na,snail,unk,scan_africa,genome,7.968257,-5.049198
19047FL-14-03-03,MCF28EEAF0339,na,ssp_cdivoire_allokokro_102,SRR11907400,s_sp,cote_d_ivoire,na,snail,unk,scan_africa,genome,7.751133,-5.091036
19047FL-14-03-04,MCF28EEAF0340,na,ssp_cdivoire_foro_103,SRR11907398,s_sp,cote_d_ivoire,na,snail,unk,scan_africa,genome,7.968257,-5.049198
19047FL-14-03-05,MCF28EEAF0341,na,ssp_cdivoire_allokokro_104,SRR11907397,s_sp,cote_d_ivoire,na,snail,unk,scan_africa,genome,7.751133,-5.091036
19047FL-14-03-06,MCF28EEAF0342,na,ssp_cdivoire_linguebo_105,SRR11907396,s_sp,cote_d_ivoire,na,snail,unk,scan_africa,genome,7.506549,-5.707453
19047FL-14-03-07,MCF603C280410,na,sbo_cdivoire_foro_106,SRR11907395,s_sp,cote_d_ivoire,na,snail,unk,scan_africa,genome,7.968257,-5.049198
19047FL-14-03-08,MCF603C280411,na,sbo_cdivoire_noumousso_107,SRR11907394,s_sp,cote_d_ivoire,na,snail,unk,scan_africa,genome,10.106774,-5.141781
19047FL-14-03-16,MCFEDA1E10303,na,sha_cdivoire_kongobo_115,SRR11907385,s_sp,cote_d_ivoire,na,snail,unk,scan_africa,genome,7.763982,-5.476109
19047FL-14-03-17,MCFEDA1E10304,na,sbo_cdivoire_foro_116,SRR11907384,s_sp,cote_d_ivoire,na,snail,unk,scan_africa,genome,7.994865,-5.067945
19047FL-14-03-18,MCFEDA1E10311,na,sbo_cdivoire_noumousso_117,SRR11907383,s_sp,cote_d_ivoire,na,snail,unk,scan_africa,genome,10.107131,-5.141892
19047FL-14-01-35,MCF03050E0793,na,sha_kenya_kinango_50,SRR11907449,s_sp,kenya,na,snail,unk,scan_africa,genome,NaN,NaN
19047FL-14-01-36,MCF03050E0799,na,sha_kenya_rekeke_51,SRR11907448,s_sp,kenya,na,snail,unk,scan_africa,genome,NaN,NaN
19047FL-14-01-33,MCF03050E0788,na,sha_kenya_kilwalwa_48,SRR11907451,s_haematobium,kenya,na,human,haematobium,scan_africa,genome,NaN,NaN
19047FL-14-01-34,MCF03050E0789,na,sha_kenya_unk_49,SRR11907450,s_sp,kenya,na,snail,haematobium,scan_africa,genome,NaN,NaN
19047FL-14-01-38,MCF03050E0740,na,sha_liberia_dormeyan_54,SRR11907446,s_sp,liberia,na,snail,unk,scan_africa,genome,NaN,NaN
19047FL-14-01-37,MCF03050E0739,na,sha_liberia_unk_53,SRR11907447,s_haematobium,liberia,na,human,haematobium,scan_africa,genome,NaN,NaN
19047FL-14-02-01,MCF03050E0741,na,sha_liberia_joekpenmue_55,SRR11907445,s_haematobium,liberia,na,human,haematobium,scan_africa,genome,NaN,NaN
19047FL-14-02-02,MCF03050E0742,na,sha_liberia_joekpenmue_56,SRR11907444,s_haematobium,liberia,na,human,haematobium,scan_africa,genome,NaN,NaN
19047FL-14-02-14,MCF0F300C0162,na,sha_madag_belesalampy_73,SRR11907430,s_haematobium,madagascar,na,human,haematobium,scan_africa,genome,-16.6646,44.84056
19047FL-14-02-15,MCF0F300C0163,na,sha_madag_belesalampy_74,SRR11907429,s_haematobium,madagascar,na,human,haematobium,scan_africa,genome,-16.6646,44.84056
19047FL-14-02-16,MCF0F300C0163,na,sha_madag_belesalampy_75,SRR11907428,s_haematobium,madagascar,na,human,haematobium,scan_africa,genome,-16.6646,44.84056
19047FL-14-02-17,MCF0F300C0164,na,sha_madag_belesalampy_76,SRR11907427,s_haematobium,madagascar,na,human,haematobium,scan_africa,genome,-16.6646,44.84056
19047FL-14-02-18,MCF0F300C0171,na,sha_madag_belesalampy_77,SRR11907426,s_haematobium,madagascar,na,human,haematobium,scan_africa,genome,-16.6646,44.84056
19047FL-14-02-19,MCF0F300C0165,na,sha_madag_belesalampy_78,SRR11907425,s_haematobium,madagascar,na,human,haematobium,scan_africa,genome,-16.6646,44.84056
19047FL-14-02-20,MCF0F300C0165,na,sha_madag_belesalampy_79,SRR11907424,s_haematobium,madagascar,na,human,haematobium,scan_africa,genome,-16.6646,44.84056
19047FL-14-02-21,MCF0F300C0166,na,sha_madag_belesalampy_80,SRR11907423,s_haematobium,madagascar,na,human,haematobium,scan_africa,genome,-16.6646,44.84056
19047FL-14-02-22,MCF0F300C0167,na,sha_madag_belesalampy_81,SRR11907422,s_haematobium,madagascar,na,human,haematobium,scan_africa,genome,-16.6646,44.84056
19047FL-14-02-23,MCF0F300C0168,na,sha_madag_belesalampy_82,SRR11907420,s_haematobium,madagascar,na,human,haematobium,scan_africa,genome,-16.6646,44.84056
19047FL-14-02-24,MCF0F300C0169,na,sha_madag_belesalampy_83,SRR11907419,s_haematobium,madagascar,na,human,haematobium,scan_africa,genome,-16.6646,44.84056
19047FL-14-02-25,MCF0F300C0170,na,sha_madag_belesalampy_84,SRR11907418,s_haematobium,madagascar,na,human,haematobium,scan_africa,genome,-16.6646,44.84056
19047FL-14-02-26,MCF0F300C0172,na,sha_madag_belesalampy_86,SRR11907417,s_haematobium,madagascar,na,human,haematobium,scan_africa,genome,-16.6646,44.84056
19047FL-14-02-27,MCF0F300C0173,na,sha_madag_belesalampy_87,SRR11907416,s_haematobium,madagascar,na,human,haematobium,scan_africa,genome,-16.6646,44.84056
19047FL-14-03-29,MCFF9A0BB0115,na,sha_namib_sifuha_133,SRR11907525,s_haematobium,namibia,na,human,haematobium,scan_africa,genome,-17.4905,24.3078
19047FL-14-03-30,MCFF9A0BB0116,na,sha_namib_mayenzere_134,SRR11907524,s_haematobium,namibia,na,human,haematobium,scan_africa,genome,-17.8584,19.1597
19047FL-14-03-31,MCFF9A0BB0119,na,sha_namib_dikungu_135,SRR11907523,s_haematobium,namibia,na,human,haematobium,scan_africa,genome,-18.0553,21.3905
19047FL-14-03-32,MCFF9A0BB0120,na,sha_namib_dikungu_136,SRR11907522,s_haematobium,namibia,na,human,haematobium,scan_africa,genome,-18.0553,21.3905
19047FL-14-04-20,MCF8EC4B40180,na,ssp_niger_libore_169,SRR11907492,s_sp,niger,na,snail,unk,scan_africa,genome,13.40417,2.18802
19047FL-14-04-06,MCF03050E0951,na,sbo_niger_libore_154,SRR11907507,s_sp,niger,na,snail,unk,scan_africa,genome,13.39008,2.19711
19047FL-14-04-07,MCF03050E0953,na,sbo_niger_libore_155,SRR11907506,s_sp,niger,na,snail,unk,scan_africa,genome,13.39008,2.19711
19047FL-14-04-08,MCF04F9A00285,na,ssp_niger_libore_156,SRR11907505,s_sp,niger,na,snail,unk,scan_africa,genome,13.38805,2.19913
19047FL-14-04-09,MCF04F9A00291,na,ssp_niger_libore_157,SRR11907504,s_sp,niger,na,snail,unk,scan_africa,genome,13.38805,2.19913
19047FL-14-04-10,MCF04F9A00299,na,ssp_niger_libore_159,SRR11907503,s_sp,niger,na,snail,unk,scan_africa,genome,13.38805,2.19913
19047FL-14-04-21,MCF3401AD0033,na,sbo_niger_libore_170,SRR11907491,s_sp,niger,na,snail,unk,scan_africa,genome,13.40417,2.18802
19047FL-14-04-11,MCF3401AD0036,na,sbo_niger_libore_160,SRR11907502,s_sp,niger,na,snail,unk,scan_africa,genome,13.38805,2.19913
19047FL-14-04-22,MCF3401AD0065,na,sbo_niger_libore_171,SRR11907490,s_sp,niger,na,snail,unk,scan_africa,genome,13.40417,2.18802
19047FL-14-04-12,MCF3401AD0066,na,sbo_niger_libore_161,SRR11907501,s_sp,niger,na,snail,unk,scan_africa,genome,13.40417,2.18802
19047FL-14-04-23,MCF3401AD0069,na,sbo_niger_libore_172,SRR11907489,s_sp,niger,na,snail,unk,scan_africa,genome,13.38805,2.19913
19047FL-14-04-13,MCF6A9A8B0058,na,sbo_niger_libore_162,SRR11907500,s_sp,niger,na,snail,unk,scan_africa,genome,13.38805,2.19913
19047FL-14-04-14,MCF6A9A8B0060,na,sbo_niger_libore_163,SRR11907499,s_sp,niger,na,snail,unk,scan_africa,genome,13.38805,2.19913
19047FL-14-04-15,MCF6A9A8B0061,na,sbo_niger_libore_164,SRR11907497,s_sp,niger,na,snail,unk,scan_africa,genome,13.38805,2.19913
19047FL-14-04-16,MCF7634690335,na,ssp_niger_libore_165,SRR11907496,s_sp,niger,na,snail,unk,scan_africa,genome,13.39008,2.19711
19047FL-14-04-17,MCF7634690336,na,ssp_niger_libore_166,SRR11907495,s_sp,niger,na,snail,unk,scan_africa,genome,13.38805,2.19913
19047FL-14-04-18,MCF7634690338,na,ssp_niger_libore_167,SRR11907494,s_sp,niger,na,snail,unk,scan_africa,genome,13.39008,2.19711
19047FL-14-04-19,MCF7634690340,na,ssp_niger_libore_168,SRR11907493,s_sp,niger,na,snail,unk,scan_africa,genome,13.39008,2.19711
19047FL-14-03-33,MCFB63CC20460,na,sha_niger_libore_138,SRR11907521,s_haematobium,niger,na,human,haematobium,scan_africa,genome,13.40782,2.18714
19047FL-14-03-34,MCFB63CC20462,na,sha_niger_libore_139,SRR11907519,s_haematobium,niger,na,human,haematobium,scan_africa,genome,13.40782,2.18714
19047FL-14-03-35,MCFB63CC20464,na,sha_niger_libore_140,SRR11907518,s_haematobium,niger,na,human,haematobium,scan_africa,genome,13.40782,2.18714
19047FL-14-03-36,MCFB63CC20472,na,sha_niger_libore_141,SRR11907517,s_haematobium,niger,na,human,haematobium,scan_africa,genome,13.40782,2.18714
19047FL-14-03-37,MCFB63CC20475,na,sha_niger_libore_142,SRR11907516,s_haematobium,niger,na,human,haematobium,scan_africa,genome,13.40782,2.18714
19047FL-14-03-38,MCFB63CC20480,na,sha_niger_libore_143,SRR11907515,s_haematobium,niger,na,human,haematobium,scan_africa,genome,13.40782,2.18714
19047FL-14-03-40,MCFB63CC20485,na,sha_niger_libore_146,SRR11907514,s_haematobium,niger,na,human,haematobium,scan_africa,genome,13.40782,2.18714
19047FL-14-04-01,MCFB81C840007,na,sha_niger_libore_147,SRR11907513,s_haematobium,niger,na,human,haematobium,scan_africa,genome,13.40782,2.18714
19047FL-14-04-02,MCFB81C840015,na,sha_niger_libore_148,SRR11907512,s_haematobium,niger,na,human,haematobium,scan_africa,genome,13.40782,2.18714
19047FL-14-04-03,MCFB81C840016,na,sha_niger_libore_149,SRR11907511,s_haematobium,niger,na,human,haematobium,scan_africa,genome,13.40782,2.18714
19047FL-14-04-04,MCFB81C840023,na,sha_niger_libore_150,SRR11907510,s_haematobium,niger,na,human,haematobium,scan_africa,genome,13.40782,2.18714
19047FL-14-04-24,MCFC5903F0267,na,ssp_niger_libore_173,SRR11907488,s_sp,niger,na,snail,unk,scan_africa,genome,13.40417,2.18802
19047FL-14-04-05,MCFD729CC0066,na,sha_niger_libore_151,SRR11907508,s_haematobium,niger,na,human,haematobium,scan_africa,genome,13.40782,2.18714
19047FL-14-04-25,MCFE660C20072,na,sbo_niger_libore_175,SRR11907486,s_sp,niger,na,snail,unk,scan_africa,genome,13.39452,2.19297
19047FL-14-04-26,MCFE660C20073,na,sbo_niger_libore_176,SRR11907485,s_sp,niger,na,snail,unk,scan_africa,genome,13.39452,2.19297
19047FL-14-03-19,MCFF9A0BB0155,na,sha_sudan_schoole_120,SRR11907382,s_sp,sudan,na,snail,unk,scan_africa,genome,14.386818,33.509815
19047FL-14-03-20,MCFF9A0BB0155,na,sha_sudan_schoolh_122,SRR11907381,s_sp,sudan,na,snail,unk,scan_africa,genome,14.373361,33.47929
19047FL-14-03-21,MCFF9A0BB0155,na,sha_sudan_schoolh_123,SRR11907380,s_sp,sudan,na,snail,unk,scan_africa,genome,14.373361,33.47929
19047FL-14-03-22,MCFF9A0BB0156,na,sha_sudan_canal5_124,SRR11907379,s_sp,sudan,na,snail,unk,scan_africa,genome,14.439166,33.470396
19047FL-14-03-23,MCFF9A0BB0156,na,sha_sudan_canal4_125,SRR11907378,s_sp,sudan,na,snail,unk,scan_africa,genome,14.36236,33.487493
19047FL-14-03-24,MCFF9A0BB0156,na,sha_sudan_canal4_126,SRR11907530,s_sp,sudan,na,snail,unk,scan_africa,genome,14.36236,33.487493
19047FL-14-03-25,MCFF9A0BB0156,na,sha_sudan_canal4_127,SRR11907529,s_sp,sudan,na,snail,unk,scan_africa,genome,14.36236,33.487493
19047FL-14-03-26,MCFF9A0BB0157,na,sha_sudan_schooli_129,SRR11907528,s_sp,sudan,na,snail,unk,scan_africa,genome,14.384994,33.445852
19047FL-14-03-27,MCFF9A0BB0157,na,sha_sudan_schooli_130,SRR11907527,s_sp,sudan,na,snail,unk,scan_africa,genome,14.384994,33.445852
19047FL-14-03-28,MCFF9A0BB0158,na,sha_sudan_canal4_132,SRR11907526,s_sp,sudan,na,snail,unk,scan_africa,genome,14.36236,33.487493
19047FL-14-04-27,MCF0F300C0353,na,sha_swaz_mkhuzweni_177,SRR11907484,s_haematobium,swaziland,na,unk,unk,scan_africa,genome,NaN,NaN
19047FL-14-04-28,MCF0F300C0354,na,sha_swaz_mkhuzweni_178,SRR11907483,s_haematobium,swaziland,na,unk,unk,scan_africa,genome,NaN,NaN
19047FL-14-04-29,MCF0F300C0355,na,sha_swaz_mkhuzweni_179,SRR11907482,s_haematobium,swaziland,na,unk,unk,scan_africa,genome,NaN,NaN
19047FL-14-04-30,MCF0F300C0355,na,sha_swaz_mkhuzweni_180,SRR11907481,s_haematobium,swaziland,na,unk,unk,scan_africa,genome,NaN,NaN
19047FL-14-04-31,MCF0F300C0356,na,sha_swaz_mkhuzweni_181,SRR11907480,s_haematobium,swaziland,na,unk,unk,scan_africa,genome,NaN,NaN
19047FL-14-04-32,MCF0F300C0357,na,sha_swaz_mkhuzweni_182,SRR11907479,s_haematobium,swaziland,na,unk,unk,scan_africa,genome,NaN,NaN
19047FL-14-04-33,MCF0F300C0359,na,sha_swaz_mkhuzweni_184,SRR11907478,s_haematobium,swaziland,na,unk,unk,scan_africa,genome,NaN,NaN
19047FL-14-04-34,MCF0F300C0360,na,sha_swaz_qomintaba_185,SRR11907477,s_haematobium,swaziland,na,unk,unk,scan_africa,genome,-27.13891667,31.72825
19047FL-14-04-35,MCF0F300C0361,na,sha_swaz_unk_186,SRR11907475,s_haematobium,swaziland,na,unk,unk,scan_africa,genome,NaN,NaN
19047FL-14-04-36,MCF0F300C0361,na,sha_swaz_unk_187,SRR11907474,s_haematobium,swaziland,na,unk,unk,scan_africa,genome,NaN,NaN
19047FL-14-04-37,MCF0F300C0362,na,sha_swaz_njojane_188,SRR11907473,s_haematobium,swaziland,na,unk,unk,scan_africa,genome,-26.27758333,31.69956667
19047FL-14-04-38,MCF0F300C0364,na,sha_swaz_njojane_189,SRR11907472,s_haematobium,swaziland,na,unk,unk,scan_africa,genome,-26.27758333,31.69956667
19047FL-14-04-39,MCF0F300C0365,na,sha_swaz_njojane_190,SRR11907471,s_haematobium,swaziland,na,unk,unk,scan_africa,genome,-26.27758333,31.69956667
19047FL-14-04-40,MCF0F300C0366,na,sha_swaz_njojane_191,SRR11907470,s_haematobium,swaziland,na,unk,unk,scan_africa,genome,-26.27758333,31.69956667
19047FL-14-01-31,MCF03050E0859,na,sbo_uganda_runga_44,SRR11907453,s_bovis,uganda,na,cow,bovis,scan_africa,genome,1.730367,31.304993
19047FL-14-01-25,MCF03050E0844,na,sbo_uganda_tonya_31,SRR11907460,s_sp,uganda,na,snail,haematobium,scan_africa,genome,1.585936,31.082113
19047FL-14-01-26,MCF03050E0847,na,sbo_uganda_apac13_34,SRR11907459,s_sp,uganda,na,snail,haematobium,scan_africa,genome,NaN,NaN
19047FL-14-01-27,MCF03050E0848,na,sbo_uganda_apac13_35,SRR11907458,s_sp,uganda,na,snail,haematobium,scan_africa,genome,NaN,NaN
19047FL-14-01-28,MCF03050E0851,na,sbo_uganda_apac13_38,SRR11907457,s_sp,uganda,na,snail,haematobium,scan_africa,genome,NaN,NaN
19047FL-14-01-29,MCF03050E0852,na,sbo_uganda_apac14_39,SRR11907456,s_sp,uganda,na,snail,haematobium,scan_africa,genome,NaN,NaN
19047FL-14-01-30,MCF03050E0853,na,sbo_uganda_apac14_40,SRR11907455,s_sp,uganda,na,snail,haematobium,scan_africa,genome,NaN,NaN
19047FL-14-01-32,MCF03050E0860,na,sbo_uganda_runga_45,SRR11907452,s_sp,uganda,na,snail,haematobium,scan_africa,genome,1.730367,31.304993
19047FL-14-02-13,MCF03050E0843,na,ssp_zambia_kafue_71,SRR11907431,s_sp,zambia,na,snail,unk,scan_africa,genome,-15.783442,28.172582
19047FL-14-02-11,MCF03050E0808,na,sha_zambia_lishiko_66,SRR11907434,s_haematobium,zambia,na,human,haematobium,scan_africa,genome,-15.74499,28.2694
19047FL-14-02-12,MCF03050E0836,na,sha_zambia_kafue_69,SRR11907433,s_haematobium,zambia,na,human,haematobium,scan_africa,genome,-15.783442,28.172582
19047FL-14-01-01,MCFEDA1E10392,na,sha_pemba_uwandani_1,SRR11907377,s_haematobium,zanzibar,pemba,human,haematobium,scan_africa,genome,-5.198583,39.82395
19047FL-14-01-02,MCFEDA1E10393,na,sha_pemba_uwandani_2,SRR11907376,s_haematobium,zanzibar,pemba,human,haematobium,scan_africa,genome,-5.198583,39.82395
19047FL-14-01-03,MCFEDA1E10394,na,sha_pemba_uwandani_3,SRR11907465,s_haematobium,zanzibar,pemba,human,haematobium,scan_africa,genome,-5.198583,39.82395
19047FL-14-01-09,MCFEDA1E10396,na,sha_pemba_uwandani_5,SRR11907399,s_haematobium,zanzibar,pemba,human,haematobium,scan_africa,genome,-5.198583,39.82395
19047FL-14-01-04,MCF44BBA20039,na,sha_pemba_uwandani_7,SRR11907454,s_haematobium,zanzibar,pemba,human,haematobium,scan_africa,genome,-5.198583,39.82395
19047FL-14-01-05,MCF900C190053,na,sha_pemba_uwandani_10,SRR11907443,s_haematobium,zanzibar,pemba,human,haematobium,scan_africa,genome,-5.198583,39.82395
19047FL-14-01-06,MCF900C190054,na,sha_pemba_uwandani_11,SRR11907432,s_haematobium,zanzibar,pemba,human,haematobium,scan_africa,genome,-5.198583,39.82395
19047FL-14-01-07,MCF900C190055,na,sha_pemba_uwandani_12,SRR11907421,s_haematobium,zanzibar,pemba,human,haematobium,scan_africa,genome,-5.198583,39.82395
19047FL-14-01-08,MCF900C190057,na,sha_pemba_uwandani_13,SRR11907410,s_haematobium,zanzibar,pemba,human,haematobium,scan_africa,genome,-5.198583,39.82395
19047FL-14-01-10,MCF900C190058,na,sha_pemba_uwandani_14,SRR11907388,s_haematobium,zanzibar,pemba,human,haematobium,scan_africa,genome,-5.198583,39.82395
19047FL-14-01-11,MCF900C190059,na,sha_pemba_uwandani_15,SRR11907375,s_haematobium,zanzibar,pemba,human,haematobium,scan_africa,genome,-5.198583,39.82395
19047FL-14-01-12,MCF7634690106,na,sha_unguja_kinyasini_16,SRR11907520,s_haematobium,zanzibar,unguja,human,haematobium,scan_africa,genome,-5.969383,39.307217
19047FL-14-01-13,MCF7634690108,na,sha_unguja_kinyasini_18,SRR11907509,s_haematobium,zanzibar,unguja,human,haematobium,scan_africa,genome,-5.969383,39.307217
19047FL-14-01-14,MCF7634690108,na,sha_unguja_kinyasini_19,SRR11907498,s_haematobium,zanzibar,unguja,human,haematobium,scan_africa,genome,-5.969383,39.307217
19047FL-14-01-15,MCF7634690110,na,sha_unguja_kinyasini_20,SRR11907487,s_haematobium,zanzibar,unguja,human,haematobium,scan_africa,genome,-5.969383,39.307217
19047FL-14-01-16,MCF7634690112,na,sha_unguja_kinyasini_22,SRR11907476,s_haematobium,zanzibar,unguja,human,haematobium,scan_africa,genome,-5.969383,39.307217
19047FL-14-01-17,MCF7634690113,na,sha_unguja_kinyasini_23,SRR11907469,s_haematobium,zanzibar,unguja,human,haematobium,scan_africa,genome,-5.969383,39.307217
19047FL-14-01-18,MCF7634690116,na,sha_unguja_kinyasini_24,SRR11907468,s_haematobium,zanzibar,unguja,human,haematobium,scan_africa,genome,-5.969383,39.307217
19047FL-14-01-19,MCF9796880038,na,sha_unguja_kinyasini_25,SRR11907467,s_haematobium,zanzibar,unguja,human,haematobium,scan_africa,genome,-5.969383,39.307217
19047FL-14-01-20,MCF9796880043,na,sha_unguja_kinyasini_26,SRR11907466,s_haematobium,zanzibar,unguja,human,haematobium,scan_africa,genome,-5.969383,39.307217
19047FL-14-01-21,MCF9796880045,na,sha_unguja_kinyasini_27,SRR11907464,s_haematobium,zanzibar,unguja,human,haematobium,scan_africa,genome,-5.969383,39.307217
19047FL-14-01-22,MCF9796880046,na,sha_unguja_kinyasini_28,SRR11907463,s_haematobium,zanzibar,unguja,human,haematobium,scan_africa,genome,-5.969383,39.307217
19047FL-14-01-23,MCF9796880047,na,sha_unguja_kinyasini_29,SRR11907462,s_haematobium,zanzibar,unguja,human,haematobium,scan_africa,genome,-5.969383,39.307217
19047FL-14-01-24,MCF9796880051,na,sha_unguja_kinyasini_30,SRR11907461,s_haematobium,zanzibar,unguja,human,haematobium,scan_africa,genome,-5.969383,39.307217
19047FL-14-05-09,na,Sb.Ak.1.1,Sb_NG_ak_1.1,SRR11861490,s_bovis,nigeria,na,cow,bovis,nigeria,genome,7.238983,5.183401
19047FL-14-05-10,na,Sb.Ak.2.1,Sb_NG_ak_2.1,SRR11861487,s_bovis,nigeria,na,cow,bovis,nigeria,genome,7.238983,5.183401
19047FL-14-05-11,na,Sb.Ak.2.2,Sb_NG_ak_2.2,SRR11861486,s_bovis,nigeria,na,cow,bovis,nigeria,genome,7.238983,5.183401
19047FL-14-05-12,na,Sb.Ak.2.3,Sb_NG_ak_2.3,SRR11861485,s_bovis,nigeria,na,cow,bovis,nigeria,genome,7.238983,5.183401
19047FL-14-05-13,na,Sb.Ak.3.1,Sb_NG_ak_3.1,SRR11861484,s_bovis,nigeria,na,cow,bovis,nigeria,genome,7.238983,5.183401
19047FL-14-05-14,na,Sb.Au.1.1,Sb_NG_au_1.1,SRR11861483,s_bovis,nigeria,na,cow,bovis,nigeria,genome,7.067448,6.271139
19047FL-14-05-15,na,Sb.Au.1.2,Sb_NG_au_1.2,SRR11861482,s_bovis,nigeria,na,cow,bovis,nigeria,genome,7.067448,6.271139
19047FL-14-05-25,na,Sb.Au.2.1,Sb_NG_au_2.1,SRR11861471,s_bovis,nigeria,na,cow,bovis,nigeria,genome,7.067448,6.271139
19047FL-14-05-22,na,Sb.Au.2.10,Sb_NG_au_2.10,SRR11861474,s_bovis,nigeria,na,cow,bovis,nigeria,genome,7.067448,6.271139
19047FL-14-05-07,na,Sb.Au.2.11,Sb_NG_au_2.11,SRR11861492,s_bovis,nigeria,na,cow,bovis,nigeria,genome,7.067448,6.271139
19047FL-14-05-23,na,Sb.Au.2.12,Sb_NG_au_2.12,SRR11861473,s_bovis,nigeria,na,cow,bovis,nigeria,genome,7.067448,6.271139
19047FL-14-05-24,na,Sb.Au.2.13,Sb_NG_au_2.13,SRR11861472,s_bovis,nigeria,na,cow,bovis,nigeria,genome,7.067448,6.271139
19047FL-14-05-26,na,Sb.Au.2.14,Sb_NG_au_2.14,SRR11861470,s_bovis,nigeria,na,cow,bovis,nigeria,genome,7.067448,6.271139
19047FL-14-05-27,na,Sb.Au.2.15,Sb_NG_au_2.15,SRR11861469,s_bovis,nigeria,na,cow,bovis,nigeria,genome,7.067448,6.271139
19047FL-14-05-28,na,Sb.Au.2.16,Sb_NG_au_2.16,SRR11861468,s_bovis,nigeria,na,cow,bovis,nigeria,genome,7.067448,6.271139
19047FL-14-05-29,na,Sb.Au.2.17,Sb_NG_au_2.17,SRR11861467,s_bovis,nigeria,na,cow,bovis,nigeria,genome,7.067448,6.271139
19047FL-14-05-16,na,Sb.Au.2.2,Sb_NG_au_2.2,SRR11861481,s_bovis,nigeria,na,cow,bovis,nigeria,genome,7.067448,6.271139
19047FL-14-05-06,na,Sb.Au.2.3,Sb_NG_au_2.3,SRR11861493,s_bovis,nigeria,na,cow,bovis,nigeria,genome,7.067448,6.271139
19047FL-14-05-17,na,Sb.Au.2.4,Sb_NG_au_2.4,SRR11861480,s_bovis,nigeria,na,cow,bovis,nigeria,genome,7.067448,6.271139
19047FL-14-05-18,na,Sb.Au.2.5,Sb_NG_au_2.5,SRR11861479,s_bovis,nigeria,na,cow,bovis,nigeria,genome,7.067448,6.271139
19047FL-14-05-19,na,Sb.Au.2.6,Sb_NG_au_2.6,SRR11861478,s_bovis,nigeria,na,cow,bovis,nigeria,genome,7.067448,6.271139
19047FL-14-05-20,na,Sb.Au.2.7,Sb_NG_au_2.7,SRR11861476,s_bovis,nigeria,na,cow,bovis,nigeria,genome,7.067448,6.271139
19047FL-14-05-21,na,Sb.Au.2.8,Sb_NG_au_2.8,SRR11861475,s_bovis,nigeria,na,cow,bovis,nigeria,genome,7.067448,6.271139
19047FL-14-05-08,na,Sb.Au.2.9,Sb_NG_au_2.9,SRR11861491,s_bovis,nigeria,na,cow,bovis,nigeria,genome,7.067448,6.271139
19047FL-14-05-37,na,Sb.Be.1.1,Sb_NG_be_1.1,SRR11861497,s_bovis,nigeria,na,cow,bovis,nigeria,genome,6.351932,5.643593
19047FL-14-05-03,na,Sb.Be.1.10,Sb_NG_be_1.10,SRR11861466,s_bovis,nigeria,na,cow,bovis,nigeria,genome,6.351932,5.643593
19047FL-14-05-04,na,Sb.Be.1.11,Sb_NG_be_1.11,SRR11861495,s_bovis,nigeria,na,cow,bovis,nigeria,genome,6.351932,5.643593
19047FL-14-05-05,na,Sb.Be.1.12,Sb_NG_be_1.12,SRR11861494,s_bovis,nigeria,na,cow,bovis,nigeria,genome,6.351932,5.643593
19047FL-14-05-38,na,Sb.Be.1.14,Sb_NG_be_1.14,SRR11861496,s_bovis,nigeria,na,cow,bovis,nigeria,genome,6.351932,5.643593
19047FL-14-05-01,na,Sb.Be.1.3,Sb_NG_be_1.3,SRR11861488,s_bovis,nigeria,na,cow,bovis,nigeria,genome,6.351932,5.643593
19047FL-14-05-02,na,Sb.Be.1.4,Sb_NG_be_1.4,SRR11861477,s_bovis,nigeria,na,cow,bovis,nigeria,genome,6.351932,5.643593
19047FL-14-05-30,na,Sb.Be.1.5,Sb_NG_be_1.5,SRR11861465,s_bovis,nigeria,na,cow,bovis,nigeria,genome,6.351932,5.643593
19047FL-14-05-31,na,Sb.Be.1.6,Sb_NG_be_1.6,SRR11861464,s_bovis,nigeria,na,cow,bovis,nigeria,genome,6.351932,5.643593
19047FL-14-05-32,na,Sb.Be.1.9,Sb_NG_be_1.9,SRR11861463,s_bovis,nigeria,na,cow,bovis,nigeria,genome,6.351932,5.643593
19047FL-14-05-33,na,Sb.Be.2.1,Sb_NG_be_2.1,SRR11861501,s_bovis,nigeria,na,cow,bovis,nigeria,genome,6.351932,5.643593
19047FL-14-05-34,na,Sb.Be.3.1,Sb_NG_be_3.1,SRR11861500,s_bovis,nigeria,na,cow,bovis,nigeria,genome,6.351932,5.643593
19047FL-14-05-35,na,Sb.Be.3.2,Sb_NG_be_3.2,SRR11861499,s_bovis,nigeria,na,cow,bovis,nigeria,genome,6.351932,5.643593
19047FL-14-05-36,na,Sb.En.1.1,Sb_NG_en_1.1,SRR11861498,s_bovis,nigeria,na,cow,bovis,nigeria,genome,6.434949,7.484255
19047FL-14-03-39,na,Sb.Zm.2.2,Sb_NG_zm_2.2,SRR11861489,s_bovis,nigeria,na,cow,bovis,nigeria,genome,12.185883,6.660802
19047FL-03-01-01,na,Sh_NG_kn_1_1,Sh_NG_bo_1_1,SRR10012905,s_haematobium,nigeria,borno,human,haematobium,nigeria,genome,12.140833,13.155
19047FL-03-01-02,na,Sh_NG_kn_1_2,Sh_NG_bo_1_2,SRR10012904,s_haematobium,nigeria,borno,human,haematobium,nigeria,genome,12.140833,13.155
19047FL-03-01-03,na,Sh_NG_kn_1_6,Sh_NG_bo_1_3,SRR10012883,s_haematobium,nigeria,borno,human,haematobium,nigeria,genome,12.140833,13.155
19047FL-03-01-04,na,Sh_NG_kn_2_2,Sh_NG_bo_2_1,SRR10012882,s_haematobium,nigeria,borno,human,haematobium,nigeria,genome,12.140833,13.155
19047FL-03-01-05,na,Sh_NG_kn_2_3,Sh_NG_bo_2_2,SRR10012864,s_haematobium,nigeria,borno,human,haematobium,nigeria,genome,12.140833,13.155
19047FL-03-01-07,na,Sh_NG_kn_3_1,Sh_NG_bo_2_3,SRR10012755,s_haematobium,nigeria,borno,human,haematobium,nigeria,genome,12.140833,13.155
19047FL-03-01-08,na,Sh_NG_kn_3_2,Sh_NG_bo_5_1,SRR10012903,s_haematobium,nigeria,borno,human,haematobium,nigeria,genome,12.140833,13.155
19047FL-03-01-09,na,Sh_NG_kn_3_3,Sh_NG_bo_5_2,SRR10012758,s_haematobium,nigeria,borno,human,haematobium,nigeria,genome,12.140833,13.155
19047FL-03-01-10,na,Sh_NG_kn_4_1,Sh_NG_bo_6_1,SRR10012792,s_haematobium,nigeria,borno,human,haematobium,nigeria,genome,12.140833,13.155
19047FL-03-01-11,na,Sh_NG_kn_4_2,Sh_NG_bo_6_2,SRR10012803,s_haematobium,nigeria,borno,human,haematobium,nigeria,genome,12.140833,13.155
19047FL-03-01-12,na,Sh_NG_kn_4_3,Sh_NG_bo_7_1,SRR10012884,s_haematobium,nigeria,borno,human,haematobium,nigeria,genome,12.140833,13.155
19047FL-03-01-13,na,Sh_NG_kn_5_2,Sh_NG_bo_7_2,SRR10012824,s_haematobium,nigeria,borno,human,haematobium,nigeria,genome,12.140833,13.155
19047FL-03-01-14,na,Sh_NG_eb_1_1,Sh_NG_bo_7_3,SRR10012835,s_haematobium,nigeria,borno,human,haematobium,nigeria,genome,12.140833,13.155
19047FL-03-01-15,na,Sh_NG_eb_1_2,Sh_NG_bo_3_1,SRR10012711,s_haematobium,nigeria,borno,human,haematobium,nigeria,genome,12.140833,13.155
19047FL-03-01-16,na,Sh_NG_eb_1_3,Sh_NG_bo_3_2,SRR10012722,s_haematobium,nigeria,borno,human,haematobium,nigeria,genome,12.140833,13.155
19047FL-03-01-17,na,Sh_NG_eb_2_1,Sh_NG_bo_4_1,SRR10012754,s_haematobium,nigeria,borno,human,haematobium,nigeria,genome,12.140833,13.155
19047FL-03-01-18,na,Sh_NG_eb_2_2,Sh_NG_bo_5_3,SRR10012763,s_haematobium,nigeria,borno,human,haematobium,nigeria,genome,12.140833,13.155
19047FL-03-01-19,na,Sh_NG_eb_2_3,Sh_NG_bo_5_4,SRR10012885,s_haematobium,nigeria,borno,human,haematobium,nigeria,genome,12.140833,13.155
19047FL-03-01-20,na,Sh_NG_eb_3_1,Sh_NG_bo_5_5,SRR10012781,s_haematobium,nigeria,borno,human,haematobium,nigeria,genome,12.140833,13.155
19047FL-03-01-21,na,Sh_NG_eb_3_2,Sh_NG_bo_3_3,SRR10012733,s_haematobium,nigeria,borno,human,haematobium,nigeria,genome,12.140833,13.155
19047FL-03-01-22,na,Sh_NG_eb_4_1,Sh_NG_eb_1_1,SRR10012844,s_haematobium,nigeria,ebonyi,human,haematobium,nigeria,genome,6.328611,8.082222
19047FL-03-01-23,na,Sh_NG_eb_4_2,Sh_NG_eb_1_2,SRR10012845,s_haematobium,nigeria,ebonyi,human,haematobium,nigeria,genome,6.328611,8.082222
19047FL-03-01-24,na,Sh_NG_eb_4_3,Sh_NG_eb_1_3,SRR10012846,s_haematobium,nigeria,ebonyi,human,haematobium,nigeria,genome,6.328611,8.082222
19047FL-03-01-25,na,Sh_NG_eb_5_1,Sh_NG_eb_2_1,SRR10012847,s_haematobium,nigeria,ebonyi,human,haematobium,nigeria,genome,6.328611,8.082222
19047FL-03-01-26,na,Sh_NG_eb_5_2,Sh_NG_eb_2_2,SRR10012848,s_haematobium,nigeria,ebonyi,human,haematobium,nigeria,genome,6.328611,8.082222
19047FL-03-01-27,na,Sh_NG_eb_5_3,Sh_NG_eb_2_3,SRR10012849,s_haematobium,nigeria,ebonyi,human,haematobium,nigeria,genome,6.328611,8.082222
19047FL-03-01-28,na,Sh_NG_eb_6_1,Sh_NG_eb_3_1,SRR10012850,s_haematobium,nigeria,ebonyi,human,haematobium,nigeria,genome,6.328611,8.082222
19047FL-03-01-29,na,Sh_NG_eb_6_2,Sh_NG_eb_3_2,SRR10012851,s_haematobium,nigeria,ebonyi,human,haematobium,nigeria,genome,6.328611,8.082222
19047FL-03-01-30,na,Sh_NG_eb_6_3,Sh_NG_eb_4_1,SRR10012852,s_haematobium,nigeria,ebonyi,human,haematobium,nigeria,genome,6.328611,8.082222
19047FL-03-01-31,na,Sh_NG_od_1_1,Sh_NG_eb_4_2,SRR10012853,s_haematobium,nigeria,ebonyi,human,haematobium,nigeria,genome,6.328611,8.082222
19047FL-03-01-32,na,Sh_NG_od_1_2,Sh_NG_eb_4_3,SRR10012854,s_haematobium,nigeria,ebonyi,human,haematobium,nigeria,genome,6.328611,8.082222
19047FL-03-01-33,na,Sh_NG_od_1_3,Sh_NG_eb_5_1,SRR10012855,s_haematobium,nigeria,ebonyi,human,haematobium,nigeria,genome,6.328611,8.082222
19047FL-03-01-34,na,Sh_NG_od_2_1,Sh_NG_eb_5_2,SRR10012856,s_haematobium,nigeria,ebonyi,human,haematobium,nigeria,genome,6.328611,8.082222
19047FL-03-01-35,na,Sh_NG_od_2_3,Sh_NG_eb_5_3,SRR10012857,s_haematobium,nigeria,ebonyi,human,haematobium,nigeria,genome,6.328611,8.082222
19047FL-03-01-36,na,Sh_NG_od_3_1,Sh_NG_eb_6_1,SRR10012858,s_haematobium,nigeria,ebonyi,human,haematobium,nigeria,genome,6.328611,8.082222
19047FL-03-01-37,na,Sh_NG_od_3_2,Sh_NG_eb_6_2,SRR10012859,s_haematobium,nigeria,ebonyi,human,haematobium,nigeria,genome,6.328611,8.082222
19047FL-03-01-38,na,Sh_NG_od_3_3,Sh_NG_eb_6_3,SRR10012860,s_haematobium,nigeria,ebonyi,human,haematobium,nigeria,genome,6.328611,8.082222
19047FL-03-01-39,na,Sh_NG_od_4_2,Sh_NG_ed_1_2,SRR10012862,s_haematobium,nigeria,edo,human,haematobium,nigeria,genome,NaN,NaN
19047FL-03-01-40,na,Sh_NG_od_4_3,Sh_NG_ed_1_3,SRR10012863,s_haematobium,nigeria,edo,human,haematobium,nigeria,genome,NaN,NaN
19047FL-03-01-41,na,Sh_NG_od_4_4,Sh_NG_ed_2_1,SRR10012865,s_haematobium,nigeria,edo,human,haematobium,nigeria,genome,NaN,NaN
19047FL-03-01-42,na,Sh_NG_od_5_1,Sh_NG_ed_2_2,SRR10012866,s_haematobium,nigeria,edo,human,haematobium,nigeria,genome,NaN,NaN
19047FL-03-01-43,na,Sh_NG_od_5_3,Sh_NG_ed_2_3,SRR10012867,s_haematobium,nigeria,edo,human,haematobium,nigeria,genome,NaN,NaN
19047FL-03-01-44,na,Sh_NG_od_5_4,Sh_NG_ed_3_1,SRR10012868,s_haematobium,nigeria,edo,human,haematobium,nigeria,genome,NaN,NaN
19047FL-03-01-45,na,Sh_NG_od_6_1,Sh_NG_ed_4_1,SRR10012871,s_haematobium,nigeria,edo,human,haematobium,nigeria,genome,NaN,NaN
19047FL-03-01-46,na,Sh_NG_od_6_2,Sh_NG_ed_4_2,SRR10012872,s_haematobium,nigeria,edo,human,haematobium,nigeria,genome,NaN,NaN
19047FL-03-01-47,na,Sh_NG_kn_6_1,Sh_NG_ed_3_2,SRR10012869,s_haematobium,nigeria,edo,human,haematobium,nigeria,genome,NaN,NaN
19047FL-03-01-48,na,Sh_NG_kn_7_1,Sh_NG_ed_3_3,SRR10012870,s_haematobium,nigeria,edo,human,haematobium,nigeria,genome,NaN,NaN
19047FL-03-01-49,na,Sh_NG_kn_8_1,Sh_NG_ed_5_1,SRR10012873,s_haematobium,nigeria,edo,human,haematobium,nigeria,genome,NaN,NaN
19047FL-03-01-50,na,Sh_NG_kn_14_1,Sh_NG_ed_5_2,SRR10012874,s_haematobium,nigeria,edo,human,haematobium,nigeria,genome,NaN,NaN
19047FL-03-02-01,na,Sh_NG_od_4_1,Sh_NG_ed_5_3,SRR10012875,s_haematobium,nigeria,edo,human,haematobium,nigeria,genome,NaN,NaN
19047FL-03-02-02,na,Sh_NG_od_4_5,Sh_NG_ed_5_4,SRR10012876,s_haematobium,nigeria,edo,human,haematobium,nigeria,genome,NaN,NaN
19047FL-03-02-03,na,Sh_NG_od_6_3,Sh_NG_ed_6_1,SRR10012877,s_haematobium,nigeria,edo,human,haematobium,nigeria,genome,NaN,NaN
19047FL-03-02-04,na,Sh_NG_od_7_1,Sh_NG_ed_6_2,SRR10012878,s_haematobium,nigeria,edo,human,haematobium,nigeria,genome,NaN,NaN
19047FL-03-02-05,na,Sh_NG_od_7_2,Sh_NG_ed_6_3,SRR10012879,s_haematobium,nigeria,edo,human,haematobium,nigeria,genome,NaN,NaN
19047FL-03-02-06,na,Sh_NG_od_7_3,Sh_NG_ed_7_1,SRR10012880,s_haematobium,nigeria,edo,human,haematobium,nigeria,genome,NaN,NaN
19047FL-03-02-07,na,Sh_NG_od_8_1,Sh_NG_ed_7_2,SRR10012881,s_haematobium,nigeria,edo,human,haematobium,nigeria,genome,NaN,NaN
19047FL-03-02-08,na,Sh_NG_od_8_2,Sh_NG_ed_7_3,SRR10012708,s_haematobium,nigeria,edo,human,haematobium,nigeria,genome,NaN,NaN
19047FL-03-02-09,na,Sh_NG_od_8_3,Sh_NG_ed_7_4,SRR10012709,s_haematobium,nigeria,edo,human,haematobium,nigeria,genome,NaN,NaN
19047FL-03-02-10,na,Sh_NG_od_9_1,Sh_NG_ed_1_1,SRR10012861,s_haematobium,nigeria,edo,human,haematobium,nigeria,genome,NaN,NaN
19047FL-03-02-11,na,Sh_NG_od_9_2,Sh_NG_kn_1_1,SRR10012726,s_haematobium,nigeria,kano,human,haematobium,nigeria,genome,12.138889,8.665833
19047FL-03-02-12,na,Sh_NG_od_9_3,Sh_NG_kn_1_2,SRR10012727,s_haematobium,nigeria,kano,human,haematobium,nigeria,genome,12.138889,8.665833
19047FL-03-02-13,na,Sh_NG_od_10_1,Sh_NG_kn_1_6,SRR10012730,s_haematobium,nigeria,kano,human,haematobium,nigeria,genome,12.138889,8.665833
19047FL-03-02-14,na,Sh_NG_od_10_2,Sh_NG_kn_2_2,SRR10012743,s_haematobium,nigeria,kano,human,haematobium,nigeria,genome,12.138889,8.665833
19047FL-03-02-15,na,Sh_NG_od_11_1,Sh_NG_kn_2_3,SRR10012744,s_haematobium,nigeria,kano,human,haematobium,nigeria,genome,12.138889,8.665833
19047FL-03-02-16,na,Sh_NG_od_11_2,Sh_NG_kn_3_1,SRR10012747,s_haematobium,nigeria,kano,human,haematobium,nigeria,genome,12.138889,8.665833
19047FL-03-02-17,na,Sh_NG_od_12_1,Sh_NG_kn_3_2,SRR10012748,s_haematobium,nigeria,kano,human,haematobium,nigeria,genome,12.138889,8.665833
19047FL-03-02-18,na,Sh_NG_od_12_2,Sh_NG_kn_3_3,SRR10012749,s_haematobium,nigeria,kano,human,haematobium,nigeria,genome,12.138889,8.665833
19047FL-03-02-19,na,Sh_NG_od_12_3,Sh_NG_kn_4_1,SRR10012750,s_haematobium,nigeria,kano,human,haematobium,nigeria,genome,12.138889,8.665833
19047FL-03-02-20,na,Sh_NG_ks_1_1,Sh_NG_kn_4_2,SRR10012751,s_haematobium,nigeria,kano,human,haematobium,nigeria,genome,12.138889,8.665833
19047FL-03-02-21,na,Sh_NG_ks_1_2,Sh_NG_kn_4_3,SRR10012752,s_haematobium,nigeria,kano,human,haematobium,nigeria,genome,12.138889,8.665833
19047FL-03-02-22,na,Sh_NG_ks_1_3,Sh_NG_kn_5_2,SRR10012899,s_haematobium,nigeria,kano,human,haematobium,nigeria,genome,12.138889,8.665833
19047FL-03-02-23,na,Sh_NG_ks_1_4,Sh_NG_kn_6_1,SRR10012898,s_haematobium,nigeria,kano,human,haematobium,nigeria,genome,12.138889,8.665833
19047FL-03-02-24,na,Sh_NG_ks_1_5,Sh_NG_kn_7_1,SRR10012757,s_haematobium,nigeria,kano,human,haematobium,nigeria,genome,12.138889,8.665833
19047FL-03-02-25,na,Sh_NG_ks_1_6,Sh_NG_kn_8_1,na,s_haematobium,nigeria,kano,human,haematobium,nigeria,genome,12.138889,8.665833
19047FL-03-02-26,na,Sh_NG_ks_1_7,Sh_NG_kn_14_1,SRR10012739,s_haematobium,nigeria,kano,human,haematobium,nigeria,genome,12.138889,8.665833
19047FL-03-02-27,na,Sh_NG_ks_1_9,Sh_NG_kn_1_4,SRR10012728,s_haematobium,nigeria,kano,human,haematobium,nigeria,genome,12.138889,8.665833
19047FL-03-02-28,na,Sh_NG_ks_1_10,Sh_NG_kn_1_5,SRR10012729,s_haematobium,nigeria,kano,human,haematobium,nigeria,genome,12.138889,8.665833
19047FL-03-02-29,na,Sh_NG_ks_1_11,Sh_NG_kn_2_4,SRR10012745,s_haematobium,nigeria,kano,human,haematobium,nigeria,genome,12.138889,8.665833
19047FL-03-02-30,na,Sh_NG_ks_2_1,Sh_NG_kn_2_5,SRR10012746,s_haematobium,nigeria,kano,human,haematobium,nigeria,genome,12.138889,8.665833
19047FL-03-02-31,na,Sh_NG_ks_3_1,Sh_NG_kn_4_4,SRR10012753,s_haematobium,nigeria,kano,human,haematobium,nigeria,genome,12.138889,8.665833
19047FL-03-02-32,na,Sh_NG_ks_3_2,Sh_NG_kn_4_5,SRR10012902,s_haematobium,nigeria,kano,human,haematobium,nigeria,genome,12.138889,8.665833
19047FL-03-02-33,na,Sh_NG_bo_1_1,Sh_NG_kn_4_6,SRR10012901,s_haematobium,nigeria,kano,human,haematobium,nigeria,genome,12.138889,8.665833
19047FL-03-02-34,na,Sh_NG_bo_1_2,Sh_NG_kn_4_7,SRR10012756,s_haematobium,nigeria,kano,human,haematobium,nigeria,genome,12.138889,8.665833
19047FL-03-02-35,na,Sh_NG_bo_1_3,Sh_NG_kn_4_8,SRR10012900,s_haematobium,nigeria,kano,human,haematobium,nigeria,genome,12.138889,8.665833
19047FL-03-02-36,na,Sh_NG_bo_2_1,Sh_NG_kn_9_1,SRR10012896,s_haematobium,nigeria,kano,human,haematobium,nigeria,genome,12.138889,8.665833
19047FL-03-02-37,na,Sh_NG_bo_2_2,Sh_NG_kn_9_2,SRR10012895,s_haematobium,nigeria,kano,human,haematobium,nigeria,genome,12.138889,8.665833
19047FL-03-02-38,na,Sh_NG_bo_2_3,Sh_NG_kn_10_1,SRR10012731,s_haematobium,nigeria,kano,human,haematobium,nigeria,genome,12.138889,8.665833
19047FL-03-02-39,na,Sh_NG_bo_5_1,Sh_NG_kn_10_2,SRR10012732,s_haematobium,nigeria,kano,human,haematobium,nigeria,genome,12.138889,8.665833
19047FL-03-02-40,na,Sh_NG_bo_5_2,Sh_NG_kn_11_1,SRR10012734,s_haematobium,nigeria,kano,human,haematobium,nigeria,genome,12.138889,8.665833
19047FL-03-02-41,na,Sh_NG_bo_6_1,Sh_NG_kn_11_2,SRR10012735,s_haematobium,nigeria,kano,human,haematobium,nigeria,genome,12.138889,8.665833
19047FL-03-02-42,na,Sh_NG_bo_6_2,Sh_NG_kn_11_3,SRR10012736,s_haematobium,nigeria,kano,human,haematobium,nigeria,genome,12.138889,8.665833
19047FL-03-02-43,na,Sh_NG_bo_7_1,Sh_NG_kn_12_1,SRR10012737,s_haematobium,nigeria,kano,human,haematobium,nigeria,genome,12.138889,8.665833
19047FL-03-02-44,na,Sh_NG_bo_7_2,Sh_NG_kn_13_1,SRR10012738,s_haematobium,nigeria,kano,human,haematobium,nigeria,genome,12.138889,8.665833
19047FL-03-02-45,na,Sh_NG_bo_7_3,Sh_NG_kn_14_2,SRR10012740,s_haematobium,nigeria,kano,human,haematobium,nigeria,genome,12.138889,8.665833
19047FL-03-02-46,na,Sh_NG_kb_1_1,Sh_NG_kn_15_1,SRR10012741,s_haematobium,nigeria,kano,human,haematobium,nigeria,genome,12.138889,8.665833
19047FL-03-02-47,na,Sh_NG_kb_1_2,Sh_NG_kn_16_1,SRR10012742,s_haematobium,nigeria,kano,human,haematobium,nigeria,genome,12.138889,8.665833
19047FL-03-02-48,na,Sh_NG_kb_1_3,Sh_NG_ks_1_1,SRR10012894,s_haematobium,nigeria,kastina,human,haematobium,nigeria,genome,12.4125,7.414167
19047FL-03-02-49,na,Sh_NG_kb_2_1,Sh_NG_ks_1_2,SRR10012759,s_haematobium,nigeria,kastina,human,haematobium,nigeria,genome,12.4125,7.414167
19047FL-03-02-50,na,Sh_NG_kb_2_2,Sh_NG_ks_1_3,SRR10012891,s_haematobium,nigeria,kastina,human,haematobium,nigeria,genome,12.4125,7.414167
19047FL-03-03-01,na,Sh_NG_kn_1_4,Sh_NG_ks_1_4,SRR10012890,s_haematobium,nigeria,kastina,human,haematobium,nigeria,genome,12.4125,7.414167
19047FL-03-03-02,na,Sh_NG_kn_1_5,Sh_NG_ks_1_5,SRR10012889,s_haematobium,nigeria,kastina,human,haematobium,nigeria,genome,12.4125,7.414167
19047FL-03-03-03,na,Sh_NG_kn_2_4,Sh_NG_ks_1_6,SRR10012760,s_haematobium,nigeria,kastina,human,haematobium,nigeria,genome,12.4125,7.414167
19047FL-03-03-04,na,Sh_NG_kn_2_5,Sh_NG_ks_1_7,SRR10012761,s_haematobium,nigeria,kastina,human,haematobium,nigeria,genome,12.4125,7.414167
19047FL-03-03-06,na,Sh_NG_ed_1_2,Sh_NG_ks_1_9,SRR10012762,s_haematobium,nigeria,kastina,human,haematobium,nigeria,genome,12.4125,7.414167
19047FL-03-03-07,na,Sh_NG_ed_1_3,Sh_NG_ks_1_10,SRR10012893,s_haematobium,nigeria,kastina,human,haematobium,nigeria,genome,12.4125,7.414167
19047FL-03-03-08,na,Sh_NG_ed_2_1,Sh_NG_ks_1_11,SRR10012892,s_haematobium,nigeria,kastina,human,haematobium,nigeria,genome,12.4125,7.414167
19047FL-03-03-09,na,Sh_NG_ed_2_2,Sh_NG_ks_2_1,SRR10012888,s_haematobium,nigeria,kastina,human,haematobium,nigeria,genome,12.4125,7.414167
19047FL-03-03-10,na,Sh_NG_ed_2_3,Sh_NG_ks_3_1,SRR10012887,s_haematobium,nigeria,kastina,human,haematobium,nigeria,genome,12.4125,7.414167
19047FL-03-03-11,na,Sh_NG_ed_3_1,Sh_NG_ks_3_2,SRR10012886,s_haematobium,nigeria,kastina,human,haematobium,nigeria,genome,12.4125,7.414167
19047FL-03-03-12,na,Sh_NG_ed_4_1,Sh_NG_kb_1_1,SRR10012710,s_haematobium,nigeria,kebbi,human,haematobium,nigeria,genome,11.71,4.052222
19047FL-03-03-13,na,Sh_NG_ed_4_2,Sh_NG_kb_1_2,SRR10012712,s_haematobium,nigeria,kebbi,human,haematobium,nigeria,genome,11.71,4.052222
19047FL-03-03-14,na,Sh_NG_os_1_1,Sh_NG_kb_1_3,SRR10012713,s_haematobium,nigeria,kebbi,human,haematobium,nigeria,genome,11.71,4.052222
19047FL-03-03-15,na,Sh_NG_os_1_2,Sh_NG_kb_2_1,SRR10012716,s_haematobium,nigeria,kebbi,human,haematobium,nigeria,genome,11.71,4.052222
19047FL-03-03-16,na,Sh_NG_os_1_3,Sh_NG_kb_2_2,SRR10012718,s_haematobium,nigeria,kebbi,human,haematobium,nigeria,genome,11.71,4.052222
19047FL-03-03-17,na,Sh_NG_os_2_1,Sh_NG_kb_1_4,SRR10012714,s_haematobium,nigeria,kebbi,human,haematobium,nigeria,genome,11.71,4.052222
19047FL-03-03-18,na,Sh_NG_os_3_1,Sh_NG_kb_1_5,SRR10012715,s_haematobium,nigeria,kebbi,human,haematobium,nigeria,genome,11.71,4.052222
19047FL-03-03-19,na,Sh_NG_os_3_2,Sh_NG_kb_2_4,SRR10012720,s_haematobium,nigeria,kebbi,human,haematobium,nigeria,genome,11.71,4.052222
19047FL-03-03-20,na,Sh_NG_os_3_3,Sh_NG_kb_2_6,SRR10012721,s_haematobium,nigeria,kebbi,human,haematobium,nigeria,genome,11.71,4.052222
19047FL-03-03-21,na,Sh_NG_os_3_4,Sh_NG_kb_2_7,SRR10012723,s_haematobium,nigeria,kebbi,human,haematobium,nigeria,genome,11.71,4.052222
19047FL-03-03-22,na,Sh_NG_os_3_5,Sh_NG_kb_2_8,SRR10012724,s_haematobium,nigeria,kebbi,human,haematobium,nigeria,genome,11.71,4.052222
19047FL-03-03-23,na,Sh_NG_kn_4_4,Sh_NG_kb_2_9,SRR10012725,s_haematobium,nigeria,kebbi,human,haematobium,nigeria,genome,11.71,4.052222
19047FL-03-03-24,na,Sh_NG_kn_4_5,Sh_NG_kb_2_10,SRR10012717,s_haematobium,nigeria,kebbi,human,haematobium,nigeria,genome,11.71,4.052222
19047FL-03-03-25,na,Sh_NG_kn_4_6,Sh_NG_kb_2_3,SRR10012719,s_haematobium,nigeria,kebbi,human,haematobium,nigeria,genome,11.71,4.052222
19047FL-03-03-26,na,Sh_NG_kn_4_7,Sh_NG_kw_1_4,SRR10012767,s_haematobium,nigeria,kwara,human,haematobium,nigeria,genome,8.892222,5.451389
19047FL-03-03-27,na,Sh_NG_kn_4_8,Sh_NG_kw_1_5,SRR10012768,s_haematobium,nigeria,kwara,human,haematobium,nigeria,genome,8.892222,5.451389
19047FL-03-03-28,na,Sh_NG_kn_9_1,Sh_NG_kw_1_7,SRR10012769,s_haematobium,nigeria,kwara,human,haematobium,nigeria,genome,8.892222,5.451389
19047FL-03-03-29,na,Sh_NG_kn_9_2,Sh_NG_kw_1_8,SRR10012770,s_haematobium,nigeria,kwara,human,haematobium,nigeria,genome,8.892222,5.451389
19047FL-03-03-30,na,Sh_NG_kn_10_1,Sh_NG_kw_1_9,SRR10012771,s_haematobium,nigeria,kwara,human,haematobium,nigeria,genome,8.892222,5.451389
19047FL-03-03-31,na,Sh_NG_kn_10_2,Sh_NG_kw_1_10,SRR10012765,s_haematobium,nigeria,kwara,human,haematobium,nigeria,genome,8.892222,5.451389
19047FL-03-03-32,na,Sh_NG_kn_11_1,Sh_NG_kw_2_2,SRR10012773,s_haematobium,nigeria,kwara,human,haematobium,nigeria,genome,8.892222,5.451389
19047FL-03-03-33,na,Sh_NG_kn_11_2,Sh_NG_kw_2_3,SRR10012774,s_haematobium,nigeria,kwara,human,haematobium,nigeria,genome,8.892222,5.451389
19047FL-03-03-34,na,Sh_NG_kn_11_3,Sh_NG_kw_2_4,SRR10012775,s_haematobium,nigeria,kwara,human,haematobium,nigeria,genome,8.892222,5.451389
19047FL-03-03-35,na,Sh_NG_kn_12_1,Sh_NG_kw_2_5,SRR10012776,s_haematobium,nigeria,kwara,human,haematobium,nigeria,genome,8.892222,5.451389
19047FL-03-03-36,na,Sh_NG_kn_13_1,Sh_NG_kw_2_6,SRR10012777,s_haematobium,nigeria,kwara,human,haematobium,nigeria,genome,8.892222,5.451389
19047FL-03-03-37,na,Sh_NG_kn_14_2,Sh_NG_kw_2_7,SRR10012778,s_haematobium,nigeria,kwara,human,haematobium,nigeria,genome,8.892222,5.451389
19047FL-03-03-38,na,Sh_NG_kn_15_1,Sh_NG_kw_2_8,SRR10012779,s_haematobium,nigeria,kwara,human,haematobium,nigeria,genome,8.892222,5.451389
19047FL-03-03-39,na,Sh_NG_kn_16_1,Sh_NG_kw_1_1,SRR10012764,s_haematobium,nigeria,kwara,human,haematobium,nigeria,genome,8.892222,5.451389
19047FL-03-03-40,na,Sh_NG_od_13_1,Sh_NG_kw_1_3,SRR10012766,s_haematobium,nigeria,kwara,human,haematobium,nigeria,genome,8.892222,5.451389
19047FL-03-03-41,na,Sh_NG_od_13_2,Sh_NG_kw_2_1,SRR10012772,s_haematobium,nigeria,kwara,human,haematobium,nigeria,genome,8.892222,5.451389
19047FL-03-03-42,na,Sh_NG_od_13_3,Sh_NG_od_1_1,SRR10012780,s_haematobium,nigeria,ondo,human,haematobium,nigeria,genome,NaN,NaN
19047FL-03-03-43,na,Sh_NG_od_14_1,Sh_NG_od_1_2,SRR10012782,s_haematobium,nigeria,ondo,human,haematobium,nigeria,genome,NaN,NaN
19047FL-03-03-44,na,Sh_NG_od_15_1,Sh_NG_od_1_3,SRR10012783,s_haematobium,nigeria,ondo,human,haematobium,nigeria,genome,NaN,NaN
19047FL-03-03-45,na,Sh_NG_od_15_2,Sh_NG_od_2_1,SRR10012798,s_haematobium,nigeria,ondo,human,haematobium,nigeria,genome,NaN,NaN
19047FL-03-03-46,na,Sh_NG_bo_3_1,Sh_NG_od_2_3,SRR10012799,s_haematobium,nigeria,ondo,human,haematobium,nigeria,genome,NaN,NaN
19047FL-03-03-47,na,Sh_NG_bo_3_2,Sh_NG_od_3_1,SRR10012800,s_haematobium,nigeria,ondo,human,haematobium,nigeria,genome,NaN,NaN
19047FL-03-03-48,na,Sh_NG_bo_4_1,Sh_NG_od_3_2,SRR10012801,s_haematobium,nigeria,ondo,human,haematobium,nigeria,genome,NaN,NaN
19047FL-03-03-49,na,Sh_NG_bo_5_3,Sh_NG_od_3_3,SRR10012802,s_haematobium,nigeria,ondo,human,haematobium,nigeria,genome,NaN,NaN
19047FL-03-03-50,na,Sh_NG_bo_5_4,Sh_NG_od_4_2,SRR10012805,s_haematobium,nigeria,ondo,human,haematobium,nigeria,genome,NaN,NaN
19047FL-03-04-01,na,Sh_NG_bo_5_5,Sh_NG_od_4_3,SRR10012806,s_haematobium,nigeria,ondo,human,haematobium,nigeria,genome,NaN,NaN
19047FL-03-04-02,na,Sh_NG_kb_1_4,Sh_NG_od_4_4,SRR10012807,s_haematobium,nigeria,ondo,human,haematobium,nigeria,genome,NaN,NaN
19047FL-03-04-03,na,Sh_NG_kb_1_5,Sh_NG_od_5_1,SRR10012809,s_haematobium,nigeria,ondo,human,haematobium,nigeria,genome,NaN,NaN
19047FL-03-04-04,na,Sh_NG_kb_2_4,Sh_NG_od_5_3,SRR10012810,s_haematobium,nigeria,ondo,human,haematobium,nigeria,genome,NaN,NaN
19047FL-03-04-05,na,Sh_NG_kb_2_6,Sh_NG_od_5_4,SRR10012811,s_haematobium,nigeria,ondo,human,haematobium,nigeria,genome,NaN,NaN
19047FL-03-04-06,na,Sh_NG_kb_2_7,Sh_NG_od_6_1,SRR10012812,s_haematobium,nigeria,ondo,human,haematobium,nigeria,genome,NaN,NaN
19047FL-03-04-07,na,Sh_NG_kb_2_8,Sh_NG_od_6_2,SRR10012813,s_haematobium,nigeria,ondo,human,haematobium,nigeria,genome,NaN,NaN
19047FL-03-04-08,na,Sh_NG_kb_2_9,Sh_NG_od_4_1,SRR10012804,s_haematobium,nigeria,ondo,human,haematobium,nigeria,genome,NaN,NaN
19047FL-03-04-09,na,Sh_NG_kb_2_10,Sh_NG_od_4_5,SRR10012808,s_haematobium,nigeria,ondo,human,haematobium,nigeria,genome,NaN,NaN
19047FL-03-04-10,na,Sh_NG_kw_1_4,Sh_NG_od_6_3,SRR10012814,s_haematobium,nigeria,ondo,human,haematobium,nigeria,genome,NaN,NaN
19047FL-03-04-11,na,Sh_NG_kw_1_5,Sh_NG_od_7_1,SRR10012815,s_haematobium,nigeria,ondo,human,haematobium,nigeria,genome,NaN,NaN
19047FL-03-04-12,na,Sh_NG_kw_1_7,Sh_NG_od_7_2,SRR10012816,s_haematobium,nigeria,ondo,human,haematobium,nigeria,genome,NaN,NaN
19047FL-03-04-13,na,Sh_NG_kw_1_8,Sh_NG_od_7_3,SRR10012817,s_haematobium,nigeria,ondo,human,haematobium,nigeria,genome,NaN,NaN
19047FL-03-04-14,na,Sh_NG_kw_1_9,Sh_NG_od_8_1,SRR10012818,s_haematobium,nigeria,ondo,human,haematobium,nigeria,genome,NaN,NaN
19047FL-03-04-15,na,Sh_NG_kw_1_10,Sh_NG_od_8_2,SRR10012819,s_haematobium,nigeria,ondo,human,haematobium,nigeria,genome,NaN,NaN
19047FL-03-04-16,na,Sh_NG_kw_2_2,Sh_NG_od_8_3,SRR10012820,s_haematobium,nigeria,ondo,human,haematobium,nigeria,genome,NaN,NaN
19047FL-03-04-17,na,Sh_NG_kw_2_3,Sh_NG_od_9_1,SRR10012821,s_haematobium,nigeria,ondo,human,haematobium,nigeria,genome,NaN,NaN
19047FL-03-04-18,na,Sh_NG_kw_2_4,Sh_NG_od_9_2,SRR10012822,s_haematobium,nigeria,ondo,human,haematobium,nigeria,genome,NaN,NaN
19047FL-03-04-19,na,Sh_NG_kw_2_5,Sh_NG_od_9_3,SRR10012823,s_haematobium,nigeria,ondo,human,haematobium,nigeria,genome,NaN,NaN
19047FL-03-04-20,na,Sh_NG_kw_2_6,Sh_NG_od_10_1,SRR10012784,s_haematobium,nigeria,ondo,human,haematobium,nigeria,genome,NaN,NaN
19047FL-03-04-21,na,Sh_NG_kw_2_7,Sh_NG_od_10_2,SRR10012785,s_haematobium,nigeria,ondo,human,haematobium,nigeria,genome,NaN,NaN
19047FL-03-04-22,na,Sh_NG_kw_2_8,Sh_NG_od_11_1,SRR10012786,s_haematobium,nigeria,ondo,human,haematobium,nigeria,genome,NaN,NaN
19047FL-03-04-23,na,Sh_NG_ed_3_2,Sh_NG_od_11_2,SRR10012787,s_haematobium,nigeria,ondo,human,haematobium,nigeria,genome,NaN,NaN
19047FL-03-04-24,na,Sh_NG_ed_3_3,Sh_NG_od_12_1,SRR10012788,s_haematobium,nigeria,ondo,human,haematobium,nigeria,genome,NaN,NaN
19047FL-03-04-25,na,Sh_NG_ed_5_1,Sh_NG_od_12_2,SRR10012789,s_haematobium,nigeria,ondo,human,haematobium,nigeria,genome,NaN,NaN
19047FL-03-04-26,na,Sh_NG_ed_5_2,Sh_NG_od_12_3,SRR10012790,s_haematobium,nigeria,ondo,human,haematobium,nigeria,genome,NaN,NaN
19047FL-03-04-27,na,Sh_NG_ed_5_3,Sh_NG_od_13_1,SRR10012791,s_haematobium,nigeria,ondo,human,haematobium,nigeria,genome,NaN,NaN
19047FL-03-04-28,na,Sh_NG_ed_5_4,Sh_NG_od_13_2,SRR10012793,s_haematobium,nigeria,ondo,human,haematobium,nigeria,genome,NaN,NaN
19047FL-03-04-29,na,Sh_NG_ed_6_1,Sh_NG_od_13_3,SRR10012794,s_haematobium,nigeria,ondo,human,haematobium,nigeria,genome,NaN,NaN
19047FL-03-04-30,na,Sh_NG_ed_6_2,Sh_NG_od_14_1,SRR10012795,s_haematobium,nigeria,ondo,human,haematobium,nigeria,genome,NaN,NaN
19047FL-03-04-31,na,Sh_NG_ed_6_3,Sh_NG_od_15_1,SRR10012796,s_haematobium,nigeria,ondo,human,haematobium,nigeria,genome,NaN,NaN
19047FL-03-04-32,na,Sh_NG_ed_7_1,Sh_NG_od_15_2,SRR10012797,s_haematobium,nigeria,ondo,human,haematobium,nigeria,genome,NaN,NaN
19047FL-03-04-33,na,Sh_NG_ed_7_2,Sh_NG_os_1_1,SRR10012825,s_haematobium,nigeria,osun,human,haematobium,nigeria,genome,7.963889,4.563889
19047FL-03-04-34,na,Sh_NG_ed_7_3,Sh_NG_os_1_2,SRR10012826,s_haematobium,nigeria,osun,human,haematobium,nigeria,genome,7.963889,4.563889
19047FL-03-04-35,na,Sh_NG_ed_7_4,Sh_NG_os_1_3,SRR10012827,s_haematobium,nigeria,osun,human,haematobium,nigeria,genome,7.963889,4.563889
19047FL-03-04-36,na,Sh_NG_os_1_4,Sh_NG_os_2_1,SRR10012829,s_haematobium,nigeria,osun,human,haematobium,nigeria,genome,7.963889,4.563889
19047FL-03-04-37,na,Sh_NG_os_2_2,Sh_NG_os_3_1,SRR10012832,s_haematobium,nigeria,osun,human,haematobium,nigeria,genome,7.963889,4.563889
19047FL-03-04-38,na,Sh_NG_os_3_6,Sh_NG_os_3_2,SRR10012836,s_haematobium,nigeria,osun,human,haematobium,nigeria,genome,7.963889,4.563889
19047FL-03-04-39,na,Sh_NG_os_3_7,Sh_NG_os_3_3,SRR10012837,s_haematobium,nigeria,osun,human,haematobium,nigeria,genome,7.963889,4.563889
19047FL-03-04-40,na,Sh_NG_os_3_8,Sh_NG_os_3_4,SRR10012838,s_haematobium,nigeria,osun,human,haematobium,nigeria,genome,7.963889,4.563889
19047FL-03-04-41,na,Sh_NG_os_3_9,Sh_NG_os_3_5,SRR10012839,s_haematobium,nigeria,osun,human,haematobium,nigeria,genome,7.963889,4.563889
19047FL-03-04-42,na,Sh_NG_os_3_10,Sh_NG_os_1_4,SRR10012828,s_haematobium,nigeria,osun,human,haematobium,nigeria,genome,7.963889,4.563889
19047FL-03-04-43,na,Sh_NG_os_3_11,Sh_NG_os_2_2,SRR10012830,s_haematobium,nigeria,osun,human,haematobium,nigeria,genome,7.963889,4.563889
19047FL-03-04-44,na,Sh_NG_bo_3_3,Sh_NG_os_3_6,SRR10012840,s_haematobium,nigeria,osun,human,haematobium,nigeria,genome,7.963889,4.563889
19047FL-03-04-45,na,Sh_NG_os_2_3,Sh_NG_os_3_7,SRR10012841,s_haematobium,nigeria,osun,human,haematobium,nigeria,genome,7.963889,4.563889
19047FL-03-04-46,na,Sh_NG_kb_2_3,Sh_NG_os_3_8,SRR10012842,s_haematobium,nigeria,osun,human,haematobium,nigeria,genome,7.963889,4.563889
19047FL-03-04-47,na,Sh_NG_kw_1_1,Sh_NG_os_3_9,SRR10012843,s_haematobium,nigeria,osun,human,haematobium,nigeria,genome,7.963889,4.563889
19047FL-03-04-48,na,Sh_NG_kw_1_3,Sh_NG_os_3_10,SRR10012833,s_haematobium,nigeria,osun,human,haematobium,nigeria,genome,7.963889,4.563889
19047FL-03-04-49,na,Sh_NG_kw_2_1,Sh_NG_os_3_11,SRR10012834,s_haematobium,nigeria,osun,human,haematobium,nigeria,genome,7.963889,4.563889
19047FL-03-04-50,na,Sh_NG_ed_1_1,Sh_NG_os_2_3,SRR10012831,s_haematobium,nigeria,osun,human,haematobium,nigeria,genome,7.963889,4.563889
na,na,Sh_Dai_044_1_S2_SRR8284786,sh_niger_SRR8284786,SRR8284786,s_haematobium,niger,na,human,haematobium,2019_exome,genome,14.1875214,1.486310051
na,na,Sh_DaiCP_276_1_S3_SRR8284787,sh_niger_SRR8284787,SRR8284787,s_haematobium,niger,na,human,haematobium,2019_exome,genome,14.1875214,1.486310051
na,na,Sh_Kar_001_1_S1_SRR8284788,sh_niger_SRR8284788,SRR8284788,s_haematobium,niger,na,human,haematobium,2019_exome,genome,13.671667,1.815
na,na,Sh_Kar_37_2_S4_SRR8284789,sh_niger_SRR8284789,SRR8284789,s_haematobium,niger,na,human,haematobium,2019_exome,genome,13.671667,1.815
na,na,Sh_Lata_078_1_S5_SRR8284790,sh_niger_SRR8284790,SRR8284790,s_haematobium,niger,na,human,haematobium,2019_exome,genome,13.766667,1.666667
na,na,Sh_Tiag_272_1_S6_SRR8284791,sh_niger_SRR8284791,SRR8284791,s_haematobium,niger,na,human,haematobium,2019_exome,genome,13.271,2.3165
na,na,Sh_PEM_0103_1_S7_SRR8284792,sh_tzpem_SRR8284792,SRR8284792,s_haematobium,zanzibar,pemba,human,haematobium,2019_exome,genome,-5.299183333,39.76073333
na,na,Sh_PEM_0104_1_S8_SRR8284793,Sh_PEM_0104_1_S8_SRR8284793,SRR8284793,s_haematobium,zanzibar,pemba,human,haematobium,2019_exome,genome,-5.299183333,39.76073333
na,na,Sh_PEM_0130_1_S9_SRR8284794,sh_tzpem_SRR8284794,SRR8284794,s_haematobium,zanzibar,pemba,human,haematobium,2019_exome,genome,-5.002883333,39.77193333
na,na,Sh_UNG_0038_1_S10_SRR8284795,sh_tzpem_SRR8284795,SRR8284795,s_haematobium,zanzibar,unguja,human,haematobium,2019_exome,genome,-5.733333,39.3
na,na,Sh_UNG_0099_1_S11_SRR8284796,sh_tzpem_SRR8284796,SRR8284796,s_haematobium,zanzibar,unguja,human,haematobium,2019_exome,genome,-6.016667,39.266667
na,na,Sh_UNG_0121_1_S12_SRR8284797,sh_tzpem_SRR8284797,SRR8284797,s_haematobium,zanzibar,unguja,human,haematobium,2019_exome,genome,-6.15,39.283333
na,na,na,bovis_tanzania_ERR103048,ERR103048,s_bovis,tanzania,na,na,bovis,na,genome,NaN,NaN
na,na,na,sbov_ERR119622,ERR119622,s_bovis,na,na,na,bovis,na,genome,NaN,NaN
na,na,na,sbov_ERR3061640,ERR3061640,s_bovis,na,na,na,bovis,na,genome,NaN,NaN
na,na,na,sbov_ERR539851,ERR539851,s_bovis,na,na,na,bovis,na,genome,NaN,NaN
na,na,na,sbov_ERR539853,ERR539853,s_bovis,na,na,na,bovis,na,genome,NaN,NaN
na,na,na,scur_ERR119623,ERR119623,s_curassoni,na,na,na,curassoni,na,genome,NaN,NaN
na,na,na,guineensis_saotome_ERR119612,ERR119612,s_guiniensis,na,na,na,guiniensis,na,genome,NaN,NaN
na,na,na,sgui_ERR539850,ERR539850,s_guiniensis,na,na,na,guiniensis,na,genome,NaN,NaN
na,na,na,sgui_ERR539852,ERR539852,s_guiniensis,na,na,na,guiniensis,na,genome,NaN,NaN
na,na,na,intercalatum_drcongo_ERR119613,ERR119613,s_intercalatum,na,na,na,intercalatum,na,genome,NaN,NaN
na,na,na,sint_ERR539854,ERR539854,s_intercalatum,na,na,na,intercalatum,na,genome,NaN,NaN
na,na,na,sint_ERR539856,ERR539856,s_intercalatum,na,na,na,intercalatum,na,genome,NaN,NaN
na,na,na,smar_ERR119621,ERR119621,s_margrebowiei,na,na,na,margrebowiei,na,genome,NaN,NaN
na,na,na,margrebowiei_zambia_ERR310940,ERR310940,s_margrebowiei,na,na,na,margrebowiei,na,genome,NaN,NaN
na,na,na,matthei_zambia_ERR103051,ERR103051,s_matthei,na,na,na,matthei,na,genome,NaN,NaN
na,na,na,smat_ERR539855,ERR539855,s_matthei,na,na,na,matthei,na,genome,NaN,NaN
na,na,na,smat_ERR539857,ERR539857,s_matthei,na,na,na,matthei,na,genome,NaN,NaN
na,na,na,shae_ERR084970,ERR084970,s_haematobium,na,na,na,haematobium,na,genome,NaN,NaN
na,na,na,shae_SRR433860,SRR433860,s_haematobium,na,na,na,haematobium,na,genome,NaN,NaN
na,na,na,shae_SRR433861,SRR433861,s_haematobium,na,na,na,haematobium,na,genome,NaN,NaN
na,na,na,shae_SRR433863,SRR433863,s_haematobium,na,na,na,haematobium,na,genome,NaN,NaN
na,na,na,shae_SRR433864,SRR433864,s_haematobium,na,na,na,haematobium,na,genome,NaN,NaN
na,na,na,shae_SRR433865,SRR433865,s_haematobium,na,na,na,na,na,genome,NaN,NaN
na,na,na,bovis_ethiopia_SRR13579874,SRR13579874,s_bovis,ethiopia,na,na,bovis,Rey_2019,genome,NaN,NaN
na,na,na,bovis_keyna_SRR13579878,SRR13579878,s_bovis,kenya,na,na,bovis,Rey_2019,genome,NaN,NaN
na,na,na,bovis_senegal_SRR13579876,SRR13579876,s_bovis,senegal,na,na,bovis,Rey_2019,genome,NaN,NaN
na,na,na,bovis_tanzania_SRR7867225,SRR7867225,s_bovis,tanzania,na,na,bovis,Rey_2019,genome,NaN,NaN
na,na,na,bovis_tanzania_SRR7867226,SRR7867226,s_bovis,tanzania,na,na,bovis,Rey_2019,genome,NaN,NaN
na,na,na,sh_cameroon_SRR13579883,SRR13579883,s_bovis,cameroon,na,na,bovis,Rey_2019,genome,NaN,NaN
na,na,na,sh_egypt_SRR13579865,SRR13579865,s_haematobium,egypt,na,na,haematobium,Rey_2019,genome,NaN,NaN
na,na,na,sh_mali_SRR13579867,SRR13579867,s_haematobium,mali,na,na,haematobium,Rey_2019,genome,NaN,NaN
na,na,na,sh_nigeria_SRR13579869,SRR13579869,s_haematobium,nigeria,na,na,haematobium,Rey_2019,genome,NaN,NaN
na,na,na,sh_senegal_SRR13579881,SRR13579881,s_haematobium,senegal,na,na,haematobium,Rey_2019,genome,NaN,NaN
na,na,na,sh_zanzibar_SRR13579868,SRR13579868,s_haematobium,zanzibar,na,na,haematobium,Rey_2019,genome,NaN,NaN
na,na,na,sh_guineabissau_SRR13579870,SRR13579870,s_haematobium,guineabissau,na,na,haematobium,Rey_2019,genome,NaN,NaN
na,na,na,bovis_nigeria_SRR13579877,SRR13579877,s_bovis,nigeria,na,na,bovis,Rey_2019,genome,NaN,NaN
na,na,na,bovis_spain_SRR13579873,SRR13579873,s_bovis,spain,na,na,bovis,Rey_2019,genome,NaN,NaN
na,na,na,bovis_uganda_SRR13579875,SRR13579875,s_bovis,uganda,na,na,bovis,Rey_2019,genome,NaN,NaN
na,na,na,f1sbsh_unk_SRR7743803,SRR7743803,f1,laboratory,na,na,f1,Rey_2019,genome,NaN,NaN
na,na,na,sh_egypt_SRR433862,SRR433862,s_haematobium,egypt,na,na,haematobium,Rey_2019,genome,NaN,NaN
na,na,na,sh_gambia_SRR13579872,SRR13579872,s_haematobium,gambia,na,na,haematobium,Rey_2019,genome,NaN,NaN
na,na,na,sh_ivorycoast_SRR13579866,SRR13579866,s_haematobium,ivorycoast,na,na,haematobium,Rey_2019,genome,NaN,NaN
na,na,na,sh_madagascar_SRR13579871,SRR13579871,s_haematobium,madagascar,na,na,haematobium,Rey_2019,genome,NaN,NaN
na,na,na,sh_nigeria_SRR13579882,SRR13579882,s_haematobium,nigeria,na,na,haematobium,Rey_2019,genome,NaN,NaN
