admera_health_library_id,custom_library_id,analytic_id,REC,plate_rec,Rack Barcode,barcode_label_ID,country,site_name,ID,sp_cleaned,tot_punches,coord,Barcode,Label on Tube,host
19047FL-14-01-01,1,sha_pemba_uwandani_1,9211,1,Roy_plate1,MCFEDA1E10392,Zanzibar: Pemba,Uwandani school,11012,S. haematobium,4,A01,0109507583,Sh.TZ.Pem.Uwa11012.1.1,
19047FL-14-01-02,2,sha_pemba_uwandani_2,9212,2,Roy_plate1,MCFEDA1E10393,Zanzibar: Pemba,Uwandani school,11038,S. haematobium,4,B01,0109507560,Sh.TZ.Pem.Uwa11038.1,
19047FL-14-01-03,3,sha_pemba_uwandani_3,9213,3,Roy_plate1,MCFEDA1E10394,Zanzibar: Pemba,Uwandani school,11081,S. haematobium,4,C01,0109507559,Sh.TZ.Pem.Uwa11081.1,
19047FL-14-01-09,5,sha_pemba_uwandani_5,9215,5,Roy_plate1,MCFEDA1E10396,Zanzibar: Pemba,Uwandani school,11334,S. haematobium,4,E01,0109507535,Sh.TZ.Pem.Uwa11334.1,
19047FL-14-01-04,7,sha_pemba_uwandani_7,4857,7,Roy_plate1,MCF44BBA20039,Zanzibar: Pemba,Uwandani school,11023,S. haematobium,4,G01,0109507511,Sh.TZ.Pem.Uwa11023.1,
19047FL-14-01-05,10,sha_pemba_uwandani_10,6203,10,Roy_plate1,MCF900C190053,Zanzibar: Pemba,Uwandani school,11116,S. haematobium,4,B02,0109507561,Sh.TZ.Pem.Uwa11116.1,
19047FL-14-01-06,11,sha_pemba_uwandani_11,6202,11,Roy_plate1,MCF900C190054,Zanzibar: Pemba,Uwandani school,11105,S. haematobium,4,C02,0109507558,Sh.TZ.Pem.Uwa11105.1,
19047FL-14-01-07,12,sha_pemba_uwandani_12,6200,12,Roy_plate1,MCF900C190055,Zanzibar: Pemba,Uwandani school,11059,S. haematobium,4,D02,0109507537,Sh.TZ.Pem.Uwa11059.1,
19047FL-14-01-08,13,sha_pemba_uwandani_13,6198,13,Roy_plate1,MCF900C190057,Zanzibar: Pemba,Uwandani school,11010,S. haematobium,4,E02,0109507513,Sh.TZ.Pem.Uwa11010.1,
19047FL-14-01-10,14,sha_pemba_uwandani_14,6201,14,Roy_plate1,MCF900C190058,Zanzibar: Pemba,Uwandani school,11089,S. haematobium,4,F02,0109507534,Sh.TZ.Pem.Uwa11089.1,
19047FL-14-01-11,15,sha_pemba_uwandani_15,6197,15,Roy_plate1,MCF900C190059,Zanzibar: Pemba,Uwandani school,11004,S. haematobium,4,G02,0109507510,Sh.TZ.Pem.Uwa11004.1,
19047FL-14-01-12,16,sha_unguja_kinyasini_16,5720,16,Roy_plate1,MCF7634690106,Zanzibar: Unguja,Kinyasini school (Unguja),06062,S. haematobium,4,H02,0109507489,Sh.TZ.Pem.Kin 06062.1,
19047FL-14-01-13,18,sha_unguja_kinyasini_18,5722,18,Roy_plate1,MCF7634690108,Zanzibar: Unguja,Kinyasini school (Unguja),06058,S. haematobium,4,B03,0109507562,Sh.TZ.Pem.Kin 06058.1,
19047FL-14-01-14,19,sha_unguja_kinyasini_19,5723,19,Roy_plate1,MCF7634690108,Zanzibar: Unguja,Kinyasini school (Unguja),06064,S. haematobium,4,C03,0109507557,Sh.TZ.Pem.Kin 06064.1,
19047FL-14-01-15,20,sha_unguja_kinyasini_20,5726,20,Roy_plate1,MCF7634690110,Zanzibar: Unguja,Kinyasini school (Unguja),06063,S. haematobium,4,D03,0109507538,Sh.TZ.Pem.Kin 06063.1,
19047FL-14-01-16,22,sha_unguja_kinyasini_22,5728,22,Roy_plate1,MCF7634690112,Zanzibar: Unguja,Kinyasini school (Unguja),06046,S. haematobium,4,F03,0109507514,Sh.TZ.Pem.Kin 06046.1,
19047FL-14-01-17,23,sha_unguja_kinyasini_23,5729,23,Roy_plate1,MCF7634690113,Zanzibar: Unguja,Kinyasini school (Unguja),06084,S. haematobium,4,G03,0109507509,Sh.TZ.Pem.Kin 06084.1,
19047FL-14-01-18,24,sha_unguja_kinyasini_24,5732,24,Roy_plate1,MCF7634690116,Zanzibar: Unguja,Kinyasini school (Unguja),06017,S. haematobium,4,H03,0109507490,Sh.TZ.Pem.Kin 06017.1,
19047FL-14-01-19,25,sha_unguja_kinyasini_25,4792,25,Roy_plate1,MCF9796880038,Zanzibar: Unguja,Kinyasini school (Unguja),0509,S. haematobium,4,A04,0109507580,Sh.TZ.Pem.Kin 0509.1,
19047FL-14-01-20,26,sha_unguja_kinyasini_26,4802,26,Roy_plate1,MCF9796880043,Zanzibar: Unguja,Kinyasini school (Unguja),5100,S. haematobium,4,B04,0109507563,Sh.TZ.Pem.Kin 5100.1,
19047FL-14-01-21,27,sha_unguja_kinyasini_27,4804,27,Roy_plate1,MCF9796880045,Zanzibar: Unguja,Kinyasini school (Unguja),5233,S. haematobium,4,C04,0109507556,Sh.TZ.Pem.Kin 5233.1,
19047FL-14-01-22,28,sha_unguja_kinyasini_28,4805,28,Roy_plate1,MCF9796880046,Zanzibar: Unguja,Kinyasini school (Unguja),5254,S. haematobium,4,D04,0109507539,Sh.TZ.Pem.Kin 5254.1,
19047FL-14-01-23,29,sha_unguja_kinyasini_29,4806,29,Roy_plate1,MCF9796880047,Zanzibar: Unguja,Kinyasini school (Unguja),5255,S. haematobium,4,E04,0109507532,Sh.TZ.Pem.Kin 5255.1,
19047FL-14-01-24,30,sha_unguja_kinyasini_30,4810,30,Roy_plate1,MCF9796880051,Zanzibar: Unguja,Kinyasini school (Unguja),5289,S. haematobium,4,F04,0109507515,Sh.TZ.Pem.Kin 5289.1,
19047FL-14-01-25,31,sbo_uganda_tonya_31,461,31,Roy_plate1,MCF03050E0844,Uganda,"Tonya, Lake Albert",No. 1,S. bovis,3,G04,0109507508,Sb.UG.Tonya No.1,
19047FL-14-01-26,34,sbo_uganda_apac13_34,464,34,Roy_plate1,MCF03050E0847,Uganda,Apac site 13,No. 4,S. bovis,3,B05,0109507507,Sb.UG.Apac No.4,
19047FL-14-01-27,35,sbo_uganda_apac13_35,465,35,Roy_plate1,MCF03050E0848,Uganda,Apac site 13,No. 5,S. bovis,3,C05,0109507516,Sb.UG.Apac No.5,
19047FL-14-01-28,38,sbo_uganda_apac13_38,468,38,Roy_plate1,MCF03050E0851,Uganda,Apac site 13,No. 8,S. bovis,3,F05,0109507540,Sb.UG.Apac No.8,
19047FL-14-01-29,39,sbo_uganda_apac14_39,469,39,Roy_plate1,MCF03050E0852,Uganda,Apac site 14,No. 9,S. bovis,3,G05,0109507555,Sb.UG.Apac No.9,
19047FL-14-01-30,40,sbo_uganda_apac14_40,470,40,Roy_plate1,MCF03050E0853,Uganda,Apac site 14,No. 10,S. bovis,3,H05,0109507564,Sb.UG.Rung No.10,
19047FL-14-01-31,44,sbo_uganda_runga_44,476,44,Roy_plate1,MCF03050E0859,Uganda,Runga,RM34 no.15,S. bovis,10,D06,0109507517,Sb.UG.Rung RM34no.15.1,
19047FL-14-01-32,45,sbo_uganda_runga_45,477,45,Roy_plate1,MCF03050E0860,Uganda,Runga,No. 14,S. bovis,3,E06,0109507530,Sb.UG.Rung No.14.1,
19047FL-14-01-33,48,sha_kenya_kilwalwa_48,188,48,Roy_plate1,MCF03050E0788,Kenya,Kilwalwa,5-1-37,S. haematobium,10,H06,0109507565,Sh.KE.Kina 5-1-37.1,
19047FL-14-01-34,49,sha_kenya_unk_49,189,49,Roy_plate1,MCF03050E0789,Kenya,Kinango site 12,Snail B,S. haematobium,3,A07,0109507578,Sh.KE.Kina Snail B.1,
19047FL-14-01-35,50,sha_kenya_kinango_50,193,50,Roy_plate1,MCF03050E0793,Kenya,Kinango site 12,Snail A,S. haematobium,3,B07,0109507577,Sh.KE.Kina Snail A.1,
19047FL-14-01-36,51,sha_kenya_rekeke_51,199,51,Roy_plate1,MCF03050E0799,Kenya,Rekeke,Snail A,S. haematobium,3,C07,0109507494,Sh.KE.Reke Snail A.1,
19047FL-14-01-37,53,sha_liberia_unk_53,21,53,Roy_plate1,MCF03050E0739,Liberia,Voinjama school,,S. haematobium,6,E07,0109507542,Sh.LR.Voin Sch.1,
19047FL-14-01-38,54,sha_liberia_dormeyan_54,18,54,Roy_plate1,MCF03050E0740,Liberia,Dormeyan school,,S. haematobium,3,F07,0109507529,Sh.LR.Joek,
19047FL-14-02-01,55,sha_liberia_joekpenmue_55,25,55,Roy_plate1,MCF03050E0741,Liberia,Joekpenmue school,,S. haematobium,10,G07,0109507518,Sh.LR.Joek.1,
19047FL-14-02-02,56,sha_liberia_joekpenmue_56,23,56,Roy_plate1,MCF03050E0742,Liberia,Joekpenmue school,,S. haematobium,9,H07,0109507566,Sh.LR.Joek.1,
19047FL-14-02-03,57,sha_angola_cota_57,7,57,Roy_plate1,MCF03050E0612,Angola,Source of the Cota river ,B,S. haematobium,3,A08,0109507553,Sh.AG.Sour B.1,
19047FL-14-02-04,58,sha_angola_cota_58,8,58,Roy_plate1,MCF03050E0613,Angola,Source of the Cota river ,C,S. haematobium,3,B08,0109507576,Sh.AG.Sour C.1,
19047FL-14-02-05,59,sha_angola_cota_59,9,59,Roy_plate1,MCF03050E0614,Angola,Source of the Cota river ,A,S. haematobium,3,C08,0109507575,Sh.AG.Sour A.1,
19047FL-14-02-06,60,sha_angola_icau_60,11,60,Roy_plate1,MCF03050E0615,Angola,Icau Wando village,BGN2,S. haematobium,6,D08,0109507552,Sh.AG.Icau.BGN2.1,
19047FL-14-02-07,61,sha_angola_icau_61,12,61,Roy_plate1,MCF03050E0615,Angola,Icau Wando village,1CW 6,S. haematobium,2,E08,0109507504,Sh.AG.Icau.1CW 6.1,
19047FL-14-02-08,62,sha_angola_icau_62,13,62,Roy_plate1,MCF03050E0615,Angola,Icau Wando village,1CC17,S. haematobium,6,F08,0109507568,Sh.AG.Icau1CC17.1,
19047FL-14-02-09,63,sha_angola_icau_63,16,63,Roy_plate1,MCF03050E0617,Angola,Icau Wando village,ICW10,S. haematobium,6,G08,0109507567,Sh.AG.Icau1CW10.1,
19047FL-14-02-10,64,sha_angola_icau_64,17,64,Roy_plate1,MCF03050E0617,Angola,Icau Wando village,ICW18,S. haematobium,6,H08,0109507495,Sh.AG.Icau1CW18.1,
19047FL-14-02-11,66,sha_zambia_lishiko_66,576,66,Roy_plate1,MCF03050E0808,Zambia,Lishiko school,P.6.154,S. haematobium,6,B09,0109507544,Sh.ZB.Lish P.6.154.1,
19047FL-14-02-12,69,sha_zambia_kafue_69,582,69,Roy_plate1,MCF03050E0836,Zambia,Kafue1,,S. haematobium,2,E09,0109507503,Sh.ZB.Kafue1.1,
19047FL-14-02-13,71,ssp_zambia_kafue_71,589,71,Roy_plate1,MCF03050E0843,Zambia,Kafue2,,Schistosoma sp.,3,G09,0109507497,Sh.ZB.Kafue2.1,
19047FL-14-02-14,73,sha_madag_belesalampy_73,12058,73,Roy_plate1,MCF0F300C0162,Madagascar,Belesalampy-Anosibe,no:39,S. haematobium,3,A010,0109507521,Sh.MG.Bele no.39.1,
19047FL-14-02-15,74,sha_madag_belesalampy_74,12059,74,Roy_plate1,MCF0F300C0163,Madagascar,Belesalampy-Anosibe,no:1,S. haematobium,3,B010,0145487806,Sh.MG.Bele no.1.1,
19047FL-14-02-16,75,sha_madag_belesalampy_75,12060,75,Roy_plate1,MCF0F300C0163,Madagascar,Belesalampy-Anosibe,no:7,S. haematobium,3,C010,0109507545,Sh.MG.Bele no.7.1,
19047FL-14-02-17,76,sha_madag_belesalampy_76,12061,76,Roy_plate1,MCF0F300C0164,Madagascar,Belesalampy-Anosibe,no:73,S. haematobium,3,D010,0109507550,Sh.MG.Bele no.73.1,
19047FL-14-02-18,77,sha_madag_belesalampy_77,12072,77,Roy_plate1,MCF0F300C0171,Madagascar,Belesalampy-Anosibe,no:48,S. haematobium,3,E010,0109493567,Sh.MG.Bele no.48.1,
19047FL-14-02-19,78,sha_madag_belesalampy_78,12063,78,Roy_plate1,MCF0F300C0165,Madagascar,Belesalampy-Anosibe,no:26,S. haematobium,3,F010,0109507574,Sh.MG.Bele no.26.1,
19047FL-14-02-20,79,sha_madag_belesalampy_79,12064,79,Roy_plate1,MCF0F300C0165,Madagascar,Belesalampy-Anosibe,no:8,S. haematobium,3,G010,0109501365,Sh.MG.Bele no.8.1,
19047FL-14-02-21,80,sha_madag_belesalampy_80,12065,80,Roy_plate1,MCF0F300C0166,Madagascar,Belesalampy-Anosibe,no:40,S. haematobium,3,H010,0109507501,Sh.MG.Bele no.40.1,
19047FL-14-02-22,81,sha_madag_belesalampy_81,12066,81,Roy_plate1,MCF0F300C0167,Madagascar,Belesalampy-Anosibe,no:11,S. haematobium,3,A011,0109507522,Sh.MG.Bele-Ano no:11.1,
19047FL-14-02-23,82,sha_madag_belesalampy_82,12067,82,Roy_plate1,MCF0F300C0168,Madagascar,Belesalampy-Anosibe,no:1,S. haematobium,10,B011,0109507525,Sh.MG.Bele-Ano no:1.1,
19047FL-14-02-24,83,sha_madag_belesalampy_83,12068,83,Roy_plate1,MCF0F300C0169,Madagascar,Belesalampy-Anosibe,no:59,S. haematobium,3,C011,0109507546,Sh.MG.Bele-Ano no:59.1,
19047FL-14-02-25,84,sha_madag_belesalampy_84,12069,84,Roy_plate1,MCF0F300C0170,Madagascar,Belesalampy-Anosibe,no:37,S. haematobium,3,D011,0109507549,Sh.MG.Bele-Ano no:37.1,
19047FL-14-02-26,86,sha_madag_belesalampy_86,12073,86,Roy_plate1,MCF0F300C0172,Madagascar,Belesalampy-Anosibe,no:83,S. haematobium,3,F011,0109507573,Sh.MG.Bele-Ano no:83.1,
19047FL-14-02-27,87,sha_madag_belesalampy_87,12074,87,Roy_plate1,MCF0F300C0173,Madagascar,Belesalampy-Anosibe,no:84,S. haematobium,3,G011,0109507499,Sh.MG.Bele-Ano no:84.1,
19047FL-14-02-28,88,ssp_cdivoire_noumousso_88,10159,88,Roy_plate1,MCF2772E60106,Cote d'Ivoire,Noumousso Lake 1-1,Bt002.Noumou-lac1-1,Schistosoma sp.,4,H011,0109507500,Sh.IC.Bt002.Nou-lac1-1.1,
19047FL-14-02-29,89,ssp_cdivoire_raviart_89,10162,89,Roy_plate1,MCF2772E60107,Cote d'Ivoire,Raviart Lake 1-1,Bg001.Raviart.lake1-1,Schistosoma sp.,4,A012,0109507523,Sh.IC.Bg001.Rav.lak1-1.1,
19047FL-14-02-30,90,ssp_cdivoire_raviart_90,10163,90,Roy_plate1,MCF2772E60108,Cote d'Ivoire,Raviart Lake 1-1,Bg002.Raviart.lake1-1,Schistosoma sp.,4,B012,0109507524,Sh.IC.Bg002.Rav.lak1-1.1,
19047FL-14-02-31,91,ssp_cdivoire_raviart_91,10164,91,Roy_plate1,MCF2772E60109,Cote d'Ivoire,Raviart Lake 1-1,Bg003.Raviart.lake1-1,Schistosoma sp.,4,C012,0109507547,Sh.IC.Bg003.Rav.lak1-1.1,
19047FL-14-02-32,92,ssp_cdivoire_raviart_92,10166,92,Roy_plate1,MCF2772E60110,Cote d'Ivoire,Raviart Lake 1-2,Bg001.Raviart.lake1-2,Schistosoma sp.,4,D012,0109507548,Sh.IC.Bg001.Rav.lak1-2.1,
19047FL-14-02-33,93,ssp_cdivoire_noumousso_93,10160,93,Roy_plate1,MCF2772E60111,Cote d'Ivoire,Noumousso Lake 1-2,Bt002.Noumou-lake1-2,Schistosoma sp.,4,E012,0109507571,Sh.IC.Bt002.Nou-lak1-2.1,
19047FL-14-02-34,94,ssp_cdivoire_noumousso_94,10161,94,Roy_plate1,MCF2772E60112,Cote d'Ivoire,Noumousso Lake 1-2,Bt001.Noumou-lake1-2,Schistosoma sp.,4,F012,0109507572,Sh.IC.Bt001.Nou-lak1-2.1,
19047FL-14-02-35,95,ssp_cdivoire_kongobo_95,10155,95,Roy_plate1,MCF2772E60113,Cote d'Ivoire,Kongobo Lake 1-1,Bt001.kongo-lake1-1,Schistosoma sp.,4,G012,0109492950, ,
19047FL-14-02-36,96,ssp_cdivoire_kongobo_96,10156,96,Roy_plate1,MCF2772E60114,Cote d'Ivoire,Kongobo Lake 1-1,Bt002.kongo-lake1-1,Schistosoma sp.,4,H012,0109493495,,
19047FL-14-02-37,97,ssp_cdivoire_kongobo_97,10157,97,roy_plate2,MCF2772E60115,Cote d'Ivoire,Kongobo Lake 1-2,Bt001.kongo-lake1-2,Schistosoma sp.,4,A01,0109493496,,
19047FL-14-02-38,98,ssp_cdivoire_kongobo_98,10158,98,roy_plate2,MCF2772E60116,Cote d'Ivoire,Kongobo Lake 1-2,Bt002.kongo-lake1-2,Schistosoma sp.,4,B01,0109492961,,
19047FL-14-02-39,99,ssp_cdivoire_raviart_99,10165,99,roy_plate2,MCF2772E60119,Cote d'Ivoire,Raviart Lake 1-1,Bg004.Raviart.lake1-1,Schistosoma sp.,4,C01,0109493544,,
19047FL-14-03-01,100,ssp_cdivoire_linguebo_100,9865,100,roy_plate2,MCF28EEAF0337,Cote d'Ivoire,Linguebo Lake 2-1,Bt001-Lingue.Lake2-1,Schistosoma sp.,4,D01,0109493473,,
19047FL-14-03-02,101,ssp_cdivoire_foro_101,9866,101,roy_plate2,MCF28EEAF0338,Cote d'Ivoire,Foro-foro Lake 1-7,Bt001-Foro.Lake1-7,Schistosoma sp.,4,E01,0109493494,,
19047FL-14-03-03,102,ssp_cdivoire_allokokro_102,9867,102,roy_plate2,MCF28EEAF0339,Cote d'Ivoire,Allokokro Lake 3-1,Bt001-Alloko.Lake3-1,Schistosoma sp.,4,F01,0109493497,,
19047FL-14-03-04,103,ssp_cdivoire_foro_103,9868,103,roy_plate2,MCF28EEAF0340,Cote d'Ivoire,Foro-foro Lake 1-7,Bt002-Foro.Lake1-7,Schistosoma sp.,4,G01,0109493518,,
19047FL-14-03-05,104,ssp_cdivoire_allokokro_104,9869,104,roy_plate2,MCF28EEAF0341,Cote d'Ivoire,Allokokro Lake 3-1,Bt002-Alloko.Lake3-1,Schistosoma sp.,4,H01,0109493521,,
19047FL-14-03-06,105,ssp_cdivoire_linguebo_105,9870,105,roy_plate2,MCF28EEAF0342,Cote d'Ivoire,Linguebo lake 2-5,Bt001.Lingue.Lake2-5,Schistosoma sp.,4,A02,0109493542,,
19047FL-14-03-07,106,sbo_cdivoire_foro_106,8080,106,roy_plate2,MCF603C280410,Cote d'Ivoire,Foro-foro Lake 2-7,Bt001-Foro-260616,S. bovis,4,B02,0109493545,,
19047FL-14-03-08,107,sbo_cdivoire_noumousso_107,8083,107,roy_plate2,MCF603C280411,Cote d'Ivoire,Noumousso Lake 1,Bt001-Noum-220616,S. bovis,4,C02,0109493566,,
19047FL-14-03-09,108,sbo_cdivoire_raviart_108,9170,108,roy_plate2,MCFEDA1E10294,Cote d'Ivoire,Raviart Ruisseau 1-1,Bg001-Ravi-Ruisseau1-1-241116,S. bovis,4,D02,0109493474,,
19047FL-14-03-10,109,sbo_cdivoire_raviart_109,9171,109,roy_plate2,MCFEDA1E10295,Cote d'Ivoire,Raviart Lake 1-1,Bg001-Ravi-lake1-1-241116,S. bovis,4,E02,0109493493,,
19047FL-14-03-11,110,ssp_cdivoire_raviart_110,9172,110,roy_plate2,MCFEDA1E10296,Cote d'Ivoire,Raviart Lake 1-1,Bg002-Ravi-lake1-1-241116,Schistosoma sp.,4,F02,0109493498,,
19047FL-14-03-12,111,ssp_cdivoire_raviart_111,9173,111,roy_plate2,MCFEDA1E10297,Cote d'Ivoire,Raviart Lake 1-1,Bg003-Ravi-lake1-1-241116,Schistosoma sp.,4,G02,0109493517,,
19047FL-14-03-13,112,sha_cdivoire_raviart_112,9174,112,roy_plate2,MCFEDA1E10298,Cote d'Ivoire,Raviart Lake 1-1,Bg004-Ravi-lake1-1-241116,S. haematobium,4,H02,0109493522,,
19047FL-14-03-14,113,ssp_cdivoire_raviart_113,9175,113,roy_plate2,MCFEDA1E10299,Cote d'Ivoire,Raviart Lake 1-1,Bg005-Ravi-lake1-1-241116,Schistosoma sp.,4,A03,0109493541,,
19047FL-14-03-15,114,ssp_cdivoire_raviart_114,9176,114,roy_plate2,MCFEDA1E10300,Cote d'Ivoire,Raviart Lake 1-1,Bg006-Ravi-lake1-1-241116,Schistosoma sp.,4,B03,0109492989,,
19047FL-14-03-16,115,sha_cdivoire_kongobo_115,9180,115,roy_plate2,MCFEDA1E10303,Cote d'Ivoire,Kongobo Lake 1-1,Bt001-Kongo-lake1-1-200317,S. haematobium,4,C03,0109493565,,
19047FL-14-03-17,116,sbo_cdivoire_foro_116,9181,116,roy_plate2,MCFEDA1E10304,Cote d'Ivoire,Foro-foro Lake 1-2,Bt001-Foro-lake1-2-210317,S. bovis,4,D03,0109493475,,
19047FL-14-03-18,117,sbo_cdivoire_noumousso_117,9188,117,roy_plate2,MCFEDA1E10311,Cote d'Ivoire,Noumousso Lake 1-4,Bt001-Noum-lake1-4-230317,S. bovis,4,E03,0109493492,,
19047FL-14-03-19,120,sha_sudan_schoole_120,89,120,roy_plate2,MCFF9A0BB0155,Sudan,School E,E8,S. haematobium,3,H03,0109493523,,
19047FL-14-03-20,122,sha_sudan_schoolh_122,91,122,roy_plate2,MCFF9A0BB0155,Sudan,School H,H?,S. haematobium,3,B04,0109493547,,
19047FL-14-03-21,123,sha_sudan_schoolh_123,92,123,roy_plate2,MCFF9A0BB0155,Sudan,School H,H22,S. haematobium,3,C04,0109493564,,
19047FL-14-03-22,124,sha_sudan_canal5_124,81,124,roy_plate2,MCFF9A0BB0156,Sudan,Canal 5,snail-5-B3,S. haematobium,3,D04,0109493476,,
19047FL-14-03-23,125,sha_sudan_canal4_125,82,125,roy_plate2,MCFF9A0BB0156,Sudan,Canal 4,snail-4C-B1,S. haematobium,3,E04,0109493491,,
19047FL-14-03-24,126,sha_sudan_canal4_126,83,126,roy_plate2,MCFF9A0BB0156,Sudan,Canal 4,snail-4C-B4,S. haematobium,3,F04,0109493500,,
19047FL-14-03-25,127,sha_sudan_canal4_127,84,127,roy_plate2,MCFF9A0BB0156,Sudan,Canal 4,snail-4C-B9,S. haematobium,3,G04,0109493515,,
19047FL-14-03-26,129,sha_sudan_schooli_129,86,129,roy_plate2,MCFF9A0BB0157,Sudan,School I,45I,S. haematobium,3,A05,0109493539,,
19047FL-14-03-27,130,sha_sudan_schooli_130,87,130,roy_plate2,MCFF9A0BB0157,Sudan,School I,46I,S. haematobium,3,B05,0109493548,,
19047FL-14-03-28,132,sha_sudan_canal4_132,79,132,roy_plate2,MCFF9A0BB0158,Sudan,Canal 4,snail-B7,S. haematobium,3,D05,0109493477,,
19047FL-14-03-29,133,sha_namib_sifuha_133,43,133,roy_plate2,MCFF9A0BB0115,Namibia,Sifuha primary school,,S. haematobium,3,E05,0109493490,,
19047FL-14-03-30,134,sha_namib_mayenzere_134,44,134,roy_plate2,MCFF9A0BB0116,Namibia,Mayenzere primary school,,S. haematobium,3,F05,0109493501,,
19047FL-14-03-31,135,sha_namib_dikungu_135,46,135,roy_plate2,MCFF9A0BB0119,Namibia,Dikungu primary school,,S. haematobium,3,G05,0109493514,,
19047FL-14-03-32,136,sha_namib_dikungu_136,47,136,roy_plate2,MCFF9A0BB0120,Namibia,Dikungu primary school,,S. haematobium,3,H05,0109493525,,
19047FL-14-03-33,138,sha_niger_libore_138,2337,138,roy_plate2,MCFB63CC20460,Niger,Libore school,Lib41,S. haematobium,3,B06,0109493549,,
19047FL-14-03-34,139,sha_niger_libore_139,2339,139,roy_plate2,MCFB63CC20462,Niger,Libore school,Lib52,S. haematobium,3,C06,0109493562,,
19047FL-14-03-35,140,sha_niger_libore_140,2341,140,roy_plate2,MCFB63CC20464,Niger,Libore school,Lib110,S. haematobium,3,D06,0109493478,,
19047FL-14-03-36,141,sha_niger_libore_141,2349,141,roy_plate2,MCFB63CC20472,Niger,Libore school,Lib150,S. haematobium,3,E06,0109493489,,
19047FL-14-03-37,142,sha_niger_libore_142,2352,142,roy_plate2,MCFB63CC20475,Niger,Libore school,Lib156,S. haematobium,3,F06,0109493502,,
19047FL-14-03-38,143,sha_niger_libore_143,2357,143,roy_plate2,MCFB63CC20480,Niger,Libore school,Lib216,S. haematobium,3,G06,0109493513,,
19047FL-14-03-40,146,sha_niger_libore_146,2362,146,roy_plate2,MCFB63CC20485,Niger,Libore school,Lib238,S. haematobium,3,B07,0109493550,,
19047FL-14-04-01,147,sha_niger_libore_147,2072,147,roy_plate2,MCFB81C840007,Niger,Libore school,LIB29,S. haematobium,4,C07,0109493561,,
19047FL-14-04-02,148,sha_niger_libore_148,2080,148,roy_plate2,MCFB81C840015,Niger,Libore school,LIB145,S. haematobium,4,D07,0109493479,,
19047FL-14-04-03,149,sha_niger_libore_149,2081,149,roy_plate2,MCFB81C840016,Niger,Libore school,LIB181,S. haematobium,4,E07,0109493488,,
19047FL-14-04-04,150,sha_niger_libore_150,2088,150,roy_plate2,MCFB81C840023,Niger,Libore school,LIB238,S. haematobium,4,F07,0109493503,,
19047FL-14-04-05,151,sha_niger_libore_151,1382,151,roy_plate2,MCFD729CC0066,Niger,Libore school,Lib-201,S. haematobium,4,G07,0109493512,,
19047FL-14-04-06,154,sbo_niger_libore_154,889,154,roy_plate2,MCF03050E0951,Niger,Libore 5 canal tertiaire,L356,S. bovis,4,B08,0109493551,,
19047FL-14-04-07,155,sbo_niger_libore_155,891,155,roy_plate2,MCF03050E0953,Niger,Libore 5 canal tertiaire,L354,S. bovis,4,C08,0109493560,,
19047FL-14-04-08,156,ssp_niger_libore_156,935,156,roy_plate2,MCF04F9A00285,Niger,Libore 9 canal secondaire,L408,Schistosoma sp.,4,D08,0109493559,,
19047FL-14-04-09,157,ssp_niger_libore_157,941,157,roy_plate2,MCF04F9A00291,Niger,Libore 9 canal secondaire,L414,Schistosoma sp.,4,E08,0109493552,,
19047FL-14-04-10,159,ssp_niger_libore_159,986,159,roy_plate2,MCF04F9A00299,Niger,Libore 9 canal secondaire,L445,Schistosoma sp.,4,G08,0109493528,,
19047FL-14-04-11,160,sbo_niger_libore_160,756,160,roy_plate2,MCF3401AD0036,Niger,Libore 9 canal secondaire,L97,S. bovis,4,H08,0109493511,,
19047FL-14-04-12,161,sbo_niger_libore_161,787,161,roy_plate2,MCF3401AD0066,Niger,Libore 8 canal secondaire,L57,S. bovis,4,A09,0109493504,,
19047FL-14-04-13,162,sbo_niger_libore_162,671,162,roy_plate2,MCF6A9A8B0058,Niger,Libore 9 canal secondaire,L134,S. bovis,4,B09,0109493487,,
19047FL-14-04-14,163,sbo_niger_libore_163,689,163,roy_plate2,MCF6A9A8B0060,Niger,Libore 9 canal secondaire,L126,S. bovis,4,C09,0109493480,,
19047FL-14-04-15,164,sbo_niger_libore_164,690,164,roy_plate2,MCF6A9A8B0061,Niger,Libore 9 canal secondaire,L127,S. bovis,4,D09,0109493558,,
19047FL-14-04-16,165,ssp_niger_libore_165,1101,165,roy_plate2,MCF7634690335,Niger,Libore 5 canal tertiaire,L470,Schistosoma sp.,4,E09,0109493553,,
19047FL-14-04-17,166,ssp_niger_libore_166,1083,166,roy_plate2,MCF7634690336,Niger,Libore 9 canal secondaire,L463,Schistosoma sp.,4,F09,0109493534,,
19047FL-14-04-18,167,ssp_niger_libore_167,1081,167,roy_plate2,MCF7634690338,Niger,Libore 5 canal tertiaire,L461,Schistosoma sp.,3,G09,0109493529,,
19047FL-14-04-19,168,ssp_niger_libore_168,1073,168,roy_plate2,MCF7634690340,Niger,Libore 5 canal tertiaire,L458,Schistosoma sp.,3,H09,0109493510,,
19047FL-14-04-20,169,ssp_niger_libore_169,1153,169,roy_plate2,MCF8EC4B40180,Niger,Libore 8 canal secondaire,L505,Schistosoma sp.,3,A010,0109493505,,
19047FL-14-04-21,170,sbo_niger_libore_170,753,170,roy_plate2,MCF3401AD0033,Niger,Libore 8 canal secondaire,,S. bovis,3,B010,0109493486,,
19047FL-14-04-22,171,sbo_niger_libore_171,797,171,roy_plate2,MCF3401AD0065,Niger,Libore 8 canal secondaire,L56-58,S. bovis,3,C010,0109493481,,
19047FL-14-04-23,172,sbo_niger_libore_172,785,172,roy_plate2,MCF3401AD0069,Niger,Libore 9 canal secondaire,,S. bovis,3,D010,0109493557,,
19047FL-14-04-24,173,ssp_niger_libore_173,933,173,roy_plate2,MCFC5903F0267,Niger,Libore 8 canal secondaire,L403,Schistosoma sp.,3,E010,0109492985,,
19047FL-14-04-25,175,sbo_niger_libore_175,823,175,roy_plate2,MCFE660C20072,Niger,Libore 7 canal secondaire,L24,S. bovis,3,G010,0109493530,,
19047FL-14-04-26,176,sbo_niger_libore_176,824,176,roy_plate2,MCFE660C20073,Niger,Libore 7 canal secondaire,L23,S. bovis,3,H010,0109493509,,
19047FL-14-04-27,177,sha_swaz_mkhuzweni_177,12114,177,roy_plate2,MCF0F300C0353,Swaziland,Mkhuzweni Primary school,MK-29,S. haematobium,3,A011,0109493506,,
19047FL-14-04-28,178,sha_swaz_mkhuzweni_178,12115,178,roy_plate2,MCF0F300C0354,Swaziland,Mkhuzweni Primary school,MK-7,S. haematobium,3,B011,0109493485,,
19047FL-14-04-29,179,sha_swaz_mkhuzweni_179,12116,179,roy_plate2,MCF0F300C0355,Swaziland,Mkhuzweni Primary school,MK-17,S. haematobium,3,C011,0109493482,,
19047FL-14-04-30,180,sha_swaz_mkhuzweni_180,12117,180,roy_plate2,MCF0F300C0355,Swaziland,Mkhuzweni Primary school,MK-30,S. haematobium,3,D011,0109493556,,
19047FL-14-04-31,181,sha_swaz_mkhuzweni_181,12118,181,roy_plate2,MCF0F300C0356,Swaziland,Mkhuzweni Primary school,MK-10,S. haematobium,3,E011,0109493555,,
19047FL-14-04-32,182,sha_swaz_mkhuzweni_182,12119,182,roy_plate2,MCF0F300C0357,Swaziland,Mkhuzweni Primary school,MK-21,S. haematobium,3,F011,0109493532,,
19047FL-14-04-33,184,sha_swaz_mkhuzweni_184,12120,183,roy_plate2,MCF0F300C0357,Swaziland,Mkhuzweni Primary school,MK-27,S. haematobium,3,G011,0109492986,,
19047FL-14-04-34,185,sha_swaz_qomintaba_185,12124,185,roy_plate2,MCF0F300C0360,Swaziland,Qomintaba Primary school,Q-1,S. haematobium,3,A012,0109493507,,
19047FL-14-04-35,186,sha_swaz_unk_186,12125,186,roy_plate2,MCF0F300C0361,Swaziland,,ND-03G4,S. haematobium,3,B012,0109493484,,
19047FL-14-04-36,187,sha_swaz_unk_187,12126,187,roy_plate2,MCF0F300C0361,Swaziland,,ND-03,S. haematobium,3,C012,0109492988,,
19047FL-14-04-37,188,sha_swaz_njojane_188,12128,188,roy_plate2,MCF0F300C0362,Swaziland,Njojane Primary school,NJ-40,S. haematobium,3,D012,0145487781,,
19047FL-14-04-38,189,sha_swaz_njojane_189,12130,189,roy_plate2,MCF0F300C0364,Swaziland,Njojane Primary school,NJ-06,S. haematobium,3,E012,0145487761,,
19047FL-14-04-39,190,sha_swaz_njojane_190,12131,190,roy_plate2,MCF0F300C0365,Swaziland,Njojane Primary school,NJ-42,S. haematobium,3,F012,0145487399,,
19047FL-14-04-40,191,sha_swaz_njojane_191,12132,191,roy_plate2,MCF0F300C0366,Swaziland,Njojane Primary school,NJ-8,S. haematobium,3,G012,0145487376,,
,,,,,,,,,,,,,,,
,,,,,,,,,,,,,,,
,,,,,,,,,,,,,,,
,,,,,,,,,,,,,,,
,,,,,,,,,,,,,,,
,,,,,,,,,,,,,,,
,,,,,,,,,,,,,,,
,,,,,,MCF7634690107,Zanzibar: Unguja,Kinyasini school (Unguja),06050,S. haematobium,4,A03,0109507581,Sh.TZ.Pem.Kin 06050.1,
,,,,,,,,,,,,,,Sb.UG.Tonya No.2.2,
,,,467,,Roy_plate1,,,,,,,E05,EMPTY,,
,,,,,,,,,,,,,,Sb.UG.Rung RM28 no.18.2,
,,,,,,,,,,,,,,Sb.UG.Rung.No.14.2,
,,,,,,,,,,,,,,Sh.KE.Abori No.13.2,
,,,,,,,,,,,,,,Sh.KE.Kina. 5-1-37.2,
,,,,,,,,,,,,,,Sh.KE.Kina Snail B.2,
,,,,,,,,,,,,,,Sh.KE.Kina Snail A.2,
,,,,,,,,,,,,,,Sh.KE.Reke Snail A.2,
,,,,,,,,,,,,,,Sh.LR.Voin Sch.2,
